[
{
    "model": "auth.user",
    "fields": {
        "password": "pbkdf2_sha256$320000$CETVKXaJcqaSVnybU3G9Vg$vH2Gt0WG+86RInk+/aqA6vSnsNvj5wTTG4yE0AYDwTY=",
        "last_login": "2022-07-11T08:36:01.196",
        "is_superuser": true,
        "username": "eason",
        "first_name": "Eason",
        "last_name": "Tang",
        "email": "eason@codeclassroom.com",
        "is_staff": true,
        "is_active": true,
        "date_joined": "2022-05-19T10:47:44.733",
        "groups": [],
        "user_permissions": []
    }
},
{
    "model": "sessions.session",
    "pk": "0hstpu8vjc64n0h93wbo5gfih0cedurx",
    "fields": {
        "session_data": ".eJxVjEEOwiAQRe_C2pCBthRcuvcMZIYZpGpoUtqV8e7apAvd_vfef6mI21ri1mSJE6uzMur0uxGmh9Qd8B3rbdZprusykd4VfdCmrzPL83K4fwcFW_nWAoksDMn03jHIYAi9zWxHx1YcB6CRvYXQB8aODGQYyOfcCTP60Tn1_gDoTTgs:1o3COX:UYtQq8OFwczGkAGjbaISAgHe5_FAbihXHS1thTGE6ys",
        "expire_date": "2022-07-04T08:04:25.397"
    }
},
{
    "model": "sessions.session",
    "pk": "vsoz6zqsyg7fgjji7n8zkfpayz1e6ffp",
    "fields": {
        "session_data": ".eJxVjEEOwiAQRe_C2pCBthRcuvcMZIYZpGpoUtqV8e7apAvd_vfef6mI21ri1mSJE6uzMur0uxGmh9Qd8B3rbdZprusykd4VfdCmrzPL83K4fwcFW_nWAoksDMn03jHIYAi9zWxHx1YcB6CRvYXQB8aODGQYyOfcCTP60Tn1_gDoTTgs:1oAotd:jHICzrx7xijodESSIlUOisTSe_f3_KZsNdfqLYGIAek",
        "expire_date": "2022-07-25T08:36:01.197"
    }
},
{
    "model": "sessions.session",
    "pk": "zw3iws4dwrxoq0zk2kmbael4gu7v367o",
    "fields": {
        "session_data": ".eJxVjEEOwiAQRe_C2pCBthRcuvcMZIYZpGpoUtqV8e7apAvd_vfef6mI21ri1mSJE6uzMur0uxGmh9Qd8B3rbdZprusykd4VfdCmrzPL83K4fwcFW_nWAoksDMn03jHIYAi9zWxHx1YcB6CRvYXQB8aODGQYyOfcCTP60Tn1_gDoTTgs:1nxPG5:8VZP7mZ0Q3-4j7yRk_mXB02BGVUlH8657YBHQg2f90w",
        "expire_date": "2022-06-18T08:35:45.736"
    }
},
{
    "model": "core.profile",
    "pk": 1,
    "fields": {
        "user": [
            "eason"
        ],
        "fullname": "关云长",
        "title": "Python Web 全栈开发工程师",
        "avatar": "avatars/avatar.png",
        "phone": "18301307050",
        "wechat": "18301307050",
        "qq": "95001678",
        "email": "eason@codeclassroom.com",
        "url": "https://www.codeclassroom.com",
        "github": "https://github.com",
        "bio": "Python 全栈开发工程师，喜爱编程，精通 Python 、C# ，熟练掌握 Flask、Django、FastAPI 热门后台开发框架……",
        "hits": 18,
        "created": "2022-06-04T09:49:26.953"
    }
},
{
    "model": "core.category",
    "pk": 1,
    "fields": {
        "slug": "python",
        "name": "Python",
        "description": "",
        "order": 9
    }
},
{
    "model": "core.category",
    "pk": 2,
    "fields": {
        "slug": "django",
        "name": "Django",
        "description": "",
        "order": 6
    }
},
{
    "model": "core.category",
    "pk": 3,
    "fields": {
        "slug": "mood",
        "name": "心情随笔",
        "description": "日常心情日记，随手记",
        "order": 10
    }
},
{
    "model": "core.category",
    "pk": 4,
    "fields": {
        "slug": "sql",
        "name": "SQL",
        "description": "",
        "order": 0
    }
},
{
    "model": "core.post",
    "pk": 1,
    "fields": {
        "title": "文章标题文本 1",
        "slug": "article-1",
        "category": 2,
        "author": [
            "eason"
        ],
        "img": "uploads/16-800x600.jpeg",
        "summary": "文章摘要内容文本1文章摘要内容文本1文章摘要内容文本1文章摘要内容文本1文章摘要内容文本1",
        "body": "文章正文文本内容1,文章正文文本内容1,文章正文文本内容1,文章正文文本内容1,文章正文文本内容1,文章正文文本内容1,文章正文文本内容1,文章正文文本内容1,文章正文文本内容1,文章正文文本内容1,文章正文文本内容1,文章正文文本内容1,文章正文文本内容1,文章正文文本内容1,文章正文文本内容1,文章正文文本内容1,文章正文文本内容1,文章正文文本内容1,文章正文文本内容1,文章正文文本内容1,文章正文文本内容1,文章正文文本内容1,文章正文文本内容1,文章正文文本内容1,文章正文文本内容1,文章正文文本内容1,文章正文文本内容1,文章正文文本内容1,文章正文文本内容1,文章正文文本内容1,文章正文文本内容1,文章正文文本内容1,文章正文文本内容1,文章正文文本内容1,文章正文文本内容1,文章正文文本内容1,文章正文文本内容1,文章正文文本内容1,文章正文文本内容1,文章正文文本内容1,文章正文文本内容1,文章正文文本内容1,文章正文文本内容1,文章正文文本内容1,文章正文文本内容1,文章正文文本内容1,文章正文文本内容1,文章正文文本内容1,文章正文文本内容1,文章正文文本内容1,",
        "views": 699,
        "flag": true,
        "status": "published",
        "updated": "2022-06-07T08:45:40.182",
        "created": "2022-06-07T07:05:35.658"
    }
},
{
    "model": "core.post",
    "pk": 2,
    "fields": {
        "title": "Lambda 表达式妙用",
        "slug": "lambda",
        "category": 3,
        "author": [
            "eason"
        ],
        "img": "uploads/16-800x600.jpeg",
        "summary": "文章摘要内容文本2文章摘要内容文本2文章摘要内容文本2文章摘要内容文本2文章摘要内容文本2",
        "body": "文章正文文本内容2,文章正文文本内容2,文章正文文本内容2,文章正文文本内容2,文章正文文本内容2,文章正文文本内容2,文章正文文本内容2,文章正文文本内容2,文章正文文本内容2,文章正文文本内容2,文章正文文本内容2,文章正文文本内容2,文章正文文本内容2,文章正文文本内容2,文章正文文本内容2,文章正文文本内容2,文章正文文本内容2,文章正文文本内容2,文章正文文本内容2,文章正文文本内容2,文章正文文本内容2,文章正文文本内容2,文章正文文本内容2,文章正文文本内容2,文章正文文本内容2,文章正文文本内容2,文章正文文本内容2,文章正文文本内容2,文章正文文本内容2,文章正文文本内容2,文章正文文本内容2,文章正文文本内容2,文章正文文本内容2,文章正文文本内容2,文章正文文本内容2,文章正文文本内容2,文章正文文本内容2,文章正文文本内容2,文章正文文本内容2,文章正文文本内容2,文章正文文本内容2,文章正文文本内容2,文章正文文本内容2,文章正文文本内容2,文章正文文本内容2,文章正文文本内容2,文章正文文本内容2,文章正文文本内容2,文章正文文本内容2,文章正文文本内容2,",
        "views": 312,
        "flag": true,
        "status": "published",
        "updated": "2022-06-22T09:42:19.079",
        "created": "2022-06-07T07:05:35.661"
    }
},
{
    "model": "core.post",
    "pk": 3,
    "fields": {
        "title": "文章标题文本 3",
        "slug": "article-3",
        "category": 3,
        "author": [
            "eason"
        ],
        "img": "uploads/16-800x600.jpeg",
        "summary": "文章摘要内容文本3文章摘要内容文本3文章摘要内容文本3文章摘要内容文本3文章摘要内容文本3",
        "body": "文章正文文本内容3,文章正文文本内容3,文章正文文本内容3,文章正文文本内容3,文章正文文本内容3,文章正文文本内容3,文章正文文本内容3,文章正文文本内容3,文章正文文本内容3,文章正文文本内容3,文章正文文本内容3,文章正文文本内容3,文章正文文本内容3,文章正文文本内容3,文章正文文本内容3,文章正文文本内容3,文章正文文本内容3,文章正文文本内容3,文章正文文本内容3,文章正文文本内容3,文章正文文本内容3,文章正文文本内容3,文章正文文本内容3,文章正文文本内容3,文章正文文本内容3,文章正文文本内容3,文章正文文本内容3,文章正文文本内容3,文章正文文本内容3,文章正文文本内容3,文章正文文本内容3,文章正文文本内容3,文章正文文本内容3,文章正文文本内容3,文章正文文本内容3,文章正文文本内容3,文章正文文本内容3,文章正文文本内容3,文章正文文本内容3,文章正文文本内容3,文章正文文本内容3,文章正文文本内容3,文章正文文本内容3,文章正文文本内容3,文章正文文本内容3,文章正文文本内容3,文章正文文本内容3,文章正文文本内容3,文章正文文本内容3,文章正文文本内容3,",
        "views": 326,
        "flag": false,
        "status": "published",
        "updated": "2022-06-07T08:45:40.180",
        "created": "2022-06-07T07:05:35.664"
    }
},
{
    "model": "core.post",
    "pk": 4,
    "fields": {
        "title": "文章标题文本 4",
        "slug": "article-4",
        "category": 2,
        "author": [
            "eason"
        ],
        "img": "uploads/16-800x600.jpeg",
        "summary": "文章摘要内容文本4文章摘要内容文本4文章摘要内容文本4文章摘要内容文本4文章摘要内容文本4",
        "body": "文章正文文本内容4,文章正文文本内容4,文章正文文本内容4,文章正文文本内容4,文章正文文本内容4,文章正文文本内容4,文章正文文本内容4,文章正文文本内容4,文章正文文本内容4,文章正文文本内容4,文章正文文本内容4,文章正文文本内容4,文章正文文本内容4,文章正文文本内容4,文章正文文本内容4,文章正文文本内容4,文章正文文本内容4,文章正文文本内容4,文章正文文本内容4,文章正文文本内容4,文章正文文本内容4,文章正文文本内容4,文章正文文本内容4,文章正文文本内容4,文章正文文本内容4,文章正文文本内容4,文章正文文本内容4,文章正文文本内容4,文章正文文本内容4,文章正文文本内容4,文章正文文本内容4,文章正文文本内容4,文章正文文本内容4,文章正文文本内容4,文章正文文本内容4,文章正文文本内容4,文章正文文本内容4,文章正文文本内容4,文章正文文本内容4,文章正文文本内容4,文章正文文本内容4,文章正文文本内容4,文章正文文本内容4,文章正文文本内容4,文章正文文本内容4,文章正文文本内容4,文章正文文本内容4,文章正文文本内容4,文章正文文本内容4,文章正文文本内容4,",
        "views": 382,
        "flag": true,
        "status": "published",
        "updated": "2022-06-07T08:45:40.179",
        "created": "2022-06-07T07:05:35.666"
    }
},
{
    "model": "core.post",
    "pk": 5,
    "fields": {
        "title": "文章标题文本 5",
        "slug": "article-5",
        "category": 3,
        "author": [
            "eason"
        ],
        "img": "uploads/16-800x600.jpeg",
        "summary": "文章摘要内容文本5文章摘要内容文本5文章摘要内容文本5文章摘要内容文本5文章摘要内容文本5",
        "body": "文章正文文本内容5,文章正文文本内容5,文章正文文本内容5,文章正文文本内容5,文章正文文本内容5,文章正文文本内容5,文章正文文本内容5,文章正文文本内容5,文章正文文本内容5,文章正文文本内容5,文章正文文本内容5,文章正文文本内容5,文章正文文本内容5,文章正文文本内容5,文章正文文本内容5,文章正文文本内容5,文章正文文本内容5,文章正文文本内容5,文章正文文本内容5,文章正文文本内容5,文章正文文本内容5,文章正文文本内容5,文章正文文本内容5,文章正文文本内容5,文章正文文本内容5,文章正文文本内容5,文章正文文本内容5,文章正文文本内容5,文章正文文本内容5,文章正文文本内容5,文章正文文本内容5,文章正文文本内容5,文章正文文本内容5,文章正文文本内容5,文章正文文本内容5,文章正文文本内容5,文章正文文本内容5,文章正文文本内容5,文章正文文本内容5,文章正文文本内容5,文章正文文本内容5,文章正文文本内容5,文章正文文本内容5,文章正文文本内容5,文章正文文本内容5,文章正文文本内容5,文章正文文本内容5,文章正文文本内容5,文章正文文本内容5,文章正文文本内容5,",
        "views": 182,
        "flag": true,
        "status": "published",
        "updated": "2022-06-07T08:45:40.179",
        "created": "2022-06-07T07:05:35.668"
    }
},
{
    "model": "core.post",
    "pk": 6,
    "fields": {
        "title": "文章标题文本 6",
        "slug": "article-6",
        "category": 4,
        "author": [
            "eason"
        ],
        "img": "uploads/16-800x600.jpeg",
        "summary": "文章摘要内容文本6文章摘要内容文本6文章摘要内容文本6文章摘要内容文本6文章摘要内容文本6",
        "body": "文章正文文本内容6,文章正文文本内容6,文章正文文本内容6,文章正文文本内容6,文章正文文本内容6,文章正文文本内容6,文章正文文本内容6,文章正文文本内容6,文章正文文本内容6,文章正文文本内容6,文章正文文本内容6,文章正文文本内容6,文章正文文本内容6,文章正文文本内容6,文章正文文本内容6,文章正文文本内容6,文章正文文本内容6,文章正文文本内容6,文章正文文本内容6,文章正文文本内容6,文章正文文本内容6,文章正文文本内容6,文章正文文本内容6,文章正文文本内容6,文章正文文本内容6,文章正文文本内容6,文章正文文本内容6,文章正文文本内容6,文章正文文本内容6,文章正文文本内容6,文章正文文本内容6,文章正文文本内容6,文章正文文本内容6,文章正文文本内容6,文章正文文本内容6,文章正文文本内容6,文章正文文本内容6,文章正文文本内容6,文章正文文本内容6,文章正文文本内容6,文章正文文本内容6,文章正文文本内容6,文章正文文本内容6,文章正文文本内容6,文章正文文本内容6,文章正文文本内容6,文章正文文本内容6,文章正文文本内容6,文章正文文本内容6,文章正文文本内容6,",
        "views": 33,
        "flag": false,
        "status": "published",
        "updated": "2022-06-07T08:45:40.178",
        "created": "2022-06-07T07:05:35.670"
    }
},
{
    "model": "core.post",
    "pk": 7,
    "fields": {
        "title": "文章标题文本 7",
        "slug": "article-7",
        "category": 2,
        "author": [
            "eason"
        ],
        "img": "uploads/16-800x600.jpeg",
        "summary": "文章摘要内容文本7文章摘要内容文本7文章摘要内容文本7文章摘要内容文本7文章摘要内容文本7",
        "body": "文章正文文本内容7,文章正文文本内容7,文章正文文本内容7,文章正文文本内容7,文章正文文本内容7,文章正文文本内容7,文章正文文本内容7,文章正文文本内容7,文章正文文本内容7,文章正文文本内容7,文章正文文本内容7,文章正文文本内容7,文章正文文本内容7,文章正文文本内容7,文章正文文本内容7,文章正文文本内容7,文章正文文本内容7,文章正文文本内容7,文章正文文本内容7,文章正文文本内容7,文章正文文本内容7,文章正文文本内容7,文章正文文本内容7,文章正文文本内容7,文章正文文本内容7,文章正文文本内容7,文章正文文本内容7,文章正文文本内容7,文章正文文本内容7,文章正文文本内容7,文章正文文本内容7,文章正文文本内容7,文章正文文本内容7,文章正文文本内容7,文章正文文本内容7,文章正文文本内容7,文章正文文本内容7,文章正文文本内容7,文章正文文本内容7,文章正文文本内容7,文章正文文本内容7,文章正文文本内容7,文章正文文本内容7,文章正文文本内容7,文章正文文本内容7,文章正文文本内容7,文章正文文本内容7,文章正文文本内容7,文章正文文本内容7,文章正文文本内容7,",
        "views": 161,
        "flag": false,
        "status": "published",
        "updated": "2022-06-07T08:45:40.177",
        "created": "2022-06-07T07:05:35.672"
    }
},
{
    "model": "core.post",
    "pk": 8,
    "fields": {
        "title": "文章标题文本 8",
        "slug": "article-8",
        "category": 4,
        "author": [
            "eason"
        ],
        "img": "uploads/16-800x600.jpeg",
        "summary": "文章摘要内容文本8文章摘要内容文本8文章摘要内容文本8文章摘要内容文本8文章摘要内容文本8",
        "body": "文章正文文本内容8,文章正文文本内容8,文章正文文本内容8,文章正文文本内容8,文章正文文本内容8,文章正文文本内容8,文章正文文本内容8,文章正文文本内容8,文章正文文本内容8,文章正文文本内容8,文章正文文本内容8,文章正文文本内容8,文章正文文本内容8,文章正文文本内容8,文章正文文本内容8,文章正文文本内容8,文章正文文本内容8,文章正文文本内容8,文章正文文本内容8,文章正文文本内容8,文章正文文本内容8,文章正文文本内容8,文章正文文本内容8,文章正文文本内容8,文章正文文本内容8,文章正文文本内容8,文章正文文本内容8,文章正文文本内容8,文章正文文本内容8,文章正文文本内容8,文章正文文本内容8,文章正文文本内容8,文章正文文本内容8,文章正文文本内容8,文章正文文本内容8,文章正文文本内容8,文章正文文本内容8,文章正文文本内容8,文章正文文本内容8,文章正文文本内容8,文章正文文本内容8,文章正文文本内容8,文章正文文本内容8,文章正文文本内容8,文章正文文本内容8,文章正文文本内容8,文章正文文本内容8,文章正文文本内容8,文章正文文本内容8,文章正文文本内容8,",
        "views": 810,
        "flag": false,
        "status": "published",
        "updated": "2022-06-07T08:45:40.176",
        "created": "2022-06-07T07:05:35.674"
    }
},
{
    "model": "core.post",
    "pk": 9,
    "fields": {
        "title": "文章标题文本 9",
        "slug": "article-9",
        "category": 4,
        "author": [
            "eason"
        ],
        "img": "uploads/16-800x600.jpeg",
        "summary": "文章摘要内容文本9文章摘要内容文本9文章摘要内容文本9文章摘要内容文本9文章摘要内容文本9",
        "body": "文章正文文本内容9,文章正文文本内容9,文章正文文本内容9,文章正文文本内容9,文章正文文本内容9,文章正文文本内容9,文章正文文本内容9,文章正文文本内容9,文章正文文本内容9,文章正文文本内容9,文章正文文本内容9,文章正文文本内容9,文章正文文本内容9,文章正文文本内容9,文章正文文本内容9,文章正文文本内容9,文章正文文本内容9,文章正文文本内容9,文章正文文本内容9,文章正文文本内容9,文章正文文本内容9,文章正文文本内容9,文章正文文本内容9,文章正文文本内容9,文章正文文本内容9,文章正文文本内容9,文章正文文本内容9,文章正文文本内容9,文章正文文本内容9,文章正文文本内容9,文章正文文本内容9,文章正文文本内容9,文章正文文本内容9,文章正文文本内容9,文章正文文本内容9,文章正文文本内容9,文章正文文本内容9,文章正文文本内容9,文章正文文本内容9,文章正文文本内容9,文章正文文本内容9,文章正文文本内容9,文章正文文本内容9,文章正文文本内容9,文章正文文本内容9,文章正文文本内容9,文章正文文本内容9,文章正文文本内容9,文章正文文本内容9,文章正文文本内容9,",
        "views": 715,
        "flag": true,
        "status": "published",
        "updated": "2022-06-07T08:45:40.176",
        "created": "2022-06-07T07:05:35.676"
    }
},
{
    "model": "core.post",
    "pk": 10,
    "fields": {
        "title": "文章标题文本 10",
        "slug": "article-10",
        "category": 4,
        "author": [
            "eason"
        ],
        "img": "uploads/16-800x600.jpeg",
        "summary": "文章摘要内容文本10文章摘要内容文本10文章摘要内容文本10文章摘要内容文本10文章摘要内容文本10",
        "body": "文章正文文本内容10,文章正文文本内容10,文章正文文本内容10,文章正文文本内容10,文章正文文本内容10,文章正文文本内容10,文章正文文本内容10,文章正文文本内容10,文章正文文本内容10,文章正文文本内容10,文章正文文本内容10,文章正文文本内容10,文章正文文本内容10,文章正文文本内容10,文章正文文本内容10,文章正文文本内容10,文章正文文本内容10,文章正文文本内容10,文章正文文本内容10,文章正文文本内容10,文章正文文本内容10,文章正文文本内容10,文章正文文本内容10,文章正文文本内容10,文章正文文本内容10,文章正文文本内容10,文章正文文本内容10,文章正文文本内容10,文章正文文本内容10,文章正文文本内容10,文章正文文本内容10,文章正文文本内容10,文章正文文本内容10,文章正文文本内容10,文章正文文本内容10,文章正文文本内容10,文章正文文本内容10,文章正文文本内容10,文章正文文本内容10,文章正文文本内容10,文章正文文本内容10,文章正文文本内容10,文章正文文本内容10,文章正文文本内容10,文章正文文本内容10,文章正文文本内容10,文章正文文本内容10,文章正文文本内容10,文章正文文本内容10,文章正文文本内容10,",
        "views": 479,
        "flag": true,
        "status": "published",
        "updated": "2022-06-07T08:45:40.175",
        "created": "2022-06-07T07:05:35.678"
    }
},
{
    "model": "core.post",
    "pk": 11,
    "fields": {
        "title": "文章标题文本 11",
        "slug": "article-11",
        "category": 1,
        "author": [
            "eason"
        ],
        "img": "uploads/16-800x600.jpeg",
        "summary": "文章摘要内容文本11文章摘要内容文本11文章摘要内容文本11文章摘要内容文本11文章摘要内容文本11",
        "body": "文章正文文本内容11,文章正文文本内容11,文章正文文本内容11,文章正文文本内容11,文章正文文本内容11,文章正文文本内容11,文章正文文本内容11,文章正文文本内容11,文章正文文本内容11,文章正文文本内容11,文章正文文本内容11,文章正文文本内容11,文章正文文本内容11,文章正文文本内容11,文章正文文本内容11,文章正文文本内容11,文章正文文本内容11,文章正文文本内容11,文章正文文本内容11,文章正文文本内容11,文章正文文本内容11,文章正文文本内容11,文章正文文本内容11,文章正文文本内容11,文章正文文本内容11,文章正文文本内容11,文章正文文本内容11,文章正文文本内容11,文章正文文本内容11,文章正文文本内容11,文章正文文本内容11,文章正文文本内容11,文章正文文本内容11,文章正文文本内容11,文章正文文本内容11,文章正文文本内容11,文章正文文本内容11,文章正文文本内容11,文章正文文本内容11,文章正文文本内容11,文章正文文本内容11,文章正文文本内容11,文章正文文本内容11,文章正文文本内容11,文章正文文本内容11,文章正文文本内容11,文章正文文本内容11,文章正文文本内容11,文章正文文本内容11,文章正文文本内容11,",
        "views": 369,
        "flag": true,
        "status": "published",
        "updated": "2022-06-07T08:45:40.174",
        "created": "2022-06-07T07:05:35.680"
    }
},
{
    "model": "core.post",
    "pk": 12,
    "fields": {
        "title": "文章标题文本 12",
        "slug": "article-12",
        "category": 3,
        "author": [
            "eason"
        ],
        "img": "uploads/16-800x600.jpeg",
        "summary": "文章摘要内容文本12文章摘要内容文本12文章摘要内容文本12文章摘要内容文本12文章摘要内容文本12",
        "body": "文章正文文本内容12,文章正文文本内容12,文章正文文本内容12,文章正文文本内容12,文章正文文本内容12,文章正文文本内容12,文章正文文本内容12,文章正文文本内容12,文章正文文本内容12,文章正文文本内容12,文章正文文本内容12,文章正文文本内容12,文章正文文本内容12,文章正文文本内容12,文章正文文本内容12,文章正文文本内容12,文章正文文本内容12,文章正文文本内容12,文章正文文本内容12,文章正文文本内容12,文章正文文本内容12,文章正文文本内容12,文章正文文本内容12,文章正文文本内容12,文章正文文本内容12,文章正文文本内容12,文章正文文本内容12,文章正文文本内容12,文章正文文本内容12,文章正文文本内容12,文章正文文本内容12,文章正文文本内容12,文章正文文本内容12,文章正文文本内容12,文章正文文本内容12,文章正文文本内容12,文章正文文本内容12,文章正文文本内容12,文章正文文本内容12,文章正文文本内容12,文章正文文本内容12,文章正文文本内容12,文章正文文本内容12,文章正文文本内容12,文章正文文本内容12,文章正文文本内容12,文章正文文本内容12,文章正文文本内容12,文章正文文本内容12,文章正文文本内容12,",
        "views": 398,
        "flag": false,
        "status": "published",
        "updated": "2022-06-07T08:45:40.173",
        "created": "2022-06-07T07:05:35.682"
    }
},
{
    "model": "core.post",
    "pk": 13,
    "fields": {
        "title": "文章标题文本 13",
        "slug": "article-13",
        "category": 1,
        "author": [
            "eason"
        ],
        "img": "uploads/16-800x600.jpeg",
        "summary": "文章摘要内容文本13文章摘要内容文本13文章摘要内容文本13文章摘要内容文本13文章摘要内容文本13",
        "body": "文章正文文本内容13,文章正文文本内容13,文章正文文本内容13,文章正文文本内容13,文章正文文本内容13,文章正文文本内容13,文章正文文本内容13,文章正文文本内容13,文章正文文本内容13,文章正文文本内容13,文章正文文本内容13,文章正文文本内容13,文章正文文本内容13,文章正文文本内容13,文章正文文本内容13,文章正文文本内容13,文章正文文本内容13,文章正文文本内容13,文章正文文本内容13,文章正文文本内容13,文章正文文本内容13,文章正文文本内容13,文章正文文本内容13,文章正文文本内容13,文章正文文本内容13,文章正文文本内容13,文章正文文本内容13,文章正文文本内容13,文章正文文本内容13,文章正文文本内容13,文章正文文本内容13,文章正文文本内容13,文章正文文本内容13,文章正文文本内容13,文章正文文本内容13,文章正文文本内容13,文章正文文本内容13,文章正文文本内容13,文章正文文本内容13,文章正文文本内容13,文章正文文本内容13,文章正文文本内容13,文章正文文本内容13,文章正文文本内容13,文章正文文本内容13,文章正文文本内容13,文章正文文本内容13,文章正文文本内容13,文章正文文本内容13,文章正文文本内容13,",
        "views": 396,
        "flag": false,
        "status": "draft",
        "updated": "2022-06-15T06:21:16.316",
        "created": "2022-06-07T07:05:35.684"
    }
},
{
    "model": "core.post",
    "pk": 14,
    "fields": {
        "title": "文章标题文本 14",
        "slug": "article-14",
        "category": 2,
        "author": [
            "eason"
        ],
        "img": "uploads/16-800x600.jpeg",
        "summary": "文章摘要内容文本14文章摘要内容文本14文章摘要内容文本14文章摘要内容文本14文章摘要内容文本14",
        "body": "文章正文文本内容14,文章正文文本内容14,文章正文文本内容14,文章正文文本内容14,文章正文文本内容14,文章正文文本内容14,文章正文文本内容14,文章正文文本内容14,文章正文文本内容14,文章正文文本内容14,文章正文文本内容14,文章正文文本内容14,文章正文文本内容14,文章正文文本内容14,文章正文文本内容14,文章正文文本内容14,文章正文文本内容14,文章正文文本内容14,文章正文文本内容14,文章正文文本内容14,文章正文文本内容14,文章正文文本内容14,文章正文文本内容14,文章正文文本内容14,文章正文文本内容14,文章正文文本内容14,文章正文文本内容14,文章正文文本内容14,文章正文文本内容14,文章正文文本内容14,文章正文文本内容14,文章正文文本内容14,文章正文文本内容14,文章正文文本内容14,文章正文文本内容14,文章正文文本内容14,文章正文文本内容14,文章正文文本内容14,文章正文文本内容14,文章正文文本内容14,文章正文文本内容14,文章正文文本内容14,文章正文文本内容14,文章正文文本内容14,文章正文文本内容14,文章正文文本内容14,文章正文文本内容14,文章正文文本内容14,文章正文文本内容14,文章正文文本内容14,",
        "views": 812,
        "flag": true,
        "status": "published",
        "updated": "2022-06-07T08:45:40.172",
        "created": "2022-06-07T07:05:35.686"
    }
},
{
    "model": "core.post",
    "pk": 15,
    "fields": {
        "title": "文章标题文本 15",
        "slug": "article-15",
        "category": 2,
        "author": [
            "eason"
        ],
        "img": "uploads/16-800x600.jpeg",
        "summary": "文章摘要内容文本15文章摘要内容文本15文章摘要内容文本15文章摘要内容文本15文章摘要内容文本15",
        "body": "文章正文文本内容15,文章正文文本内容15,文章正文文本内容15,文章正文文本内容15,文章正文文本内容15,文章正文文本内容15,文章正文文本内容15,文章正文文本内容15,文章正文文本内容15,文章正文文本内容15,文章正文文本内容15,文章正文文本内容15,文章正文文本内容15,文章正文文本内容15,文章正文文本内容15,文章正文文本内容15,文章正文文本内容15,文章正文文本内容15,文章正文文本内容15,文章正文文本内容15,文章正文文本内容15,文章正文文本内容15,文章正文文本内容15,文章正文文本内容15,文章正文文本内容15,文章正文文本内容15,文章正文文本内容15,文章正文文本内容15,文章正文文本内容15,文章正文文本内容15,文章正文文本内容15,文章正文文本内容15,文章正文文本内容15,文章正文文本内容15,文章正文文本内容15,文章正文文本内容15,文章正文文本内容15,文章正文文本内容15,文章正文文本内容15,文章正文文本内容15,文章正文文本内容15,文章正文文本内容15,文章正文文本内容15,文章正文文本内容15,文章正文文本内容15,文章正文文本内容15,文章正文文本内容15,文章正文文本内容15,文章正文文本内容15,文章正文文本内容15,",
        "views": 101,
        "flag": true,
        "status": "published",
        "updated": "2022-06-07T08:45:40.171",
        "created": "2022-06-07T07:05:35.687"
    }
},
{
    "model": "core.post",
    "pk": 16,
    "fields": {
        "title": "文章标题文本 16",
        "slug": "article-16",
        "category": 2,
        "author": [
            "eason"
        ],
        "img": "uploads/16-800x600.jpeg",
        "summary": "文章摘要内容文本16文章摘要内容文本16文章摘要内容文本16文章摘要内容文本16文章摘要内容文本16",
        "body": "文章正文文本内容16,文章正文文本内容16,文章正文文本内容16,文章正文文本内容16,文章正文文本内容16,文章正文文本内容16,文章正文文本内容16,文章正文文本内容16,文章正文文本内容16,文章正文文本内容16,文章正文文本内容16,文章正文文本内容16,文章正文文本内容16,文章正文文本内容16,文章正文文本内容16,文章正文文本内容16,文章正文文本内容16,文章正文文本内容16,文章正文文本内容16,文章正文文本内容16,文章正文文本内容16,文章正文文本内容16,文章正文文本内容16,文章正文文本内容16,文章正文文本内容16,文章正文文本内容16,文章正文文本内容16,文章正文文本内容16,文章正文文本内容16,文章正文文本内容16,文章正文文本内容16,文章正文文本内容16,文章正文文本内容16,文章正文文本内容16,文章正文文本内容16,文章正文文本内容16,文章正文文本内容16,文章正文文本内容16,文章正文文本内容16,文章正文文本内容16,文章正文文本内容16,文章正文文本内容16,文章正文文本内容16,文章正文文本内容16,文章正文文本内容16,文章正文文本内容16,文章正文文本内容16,文章正文文本内容16,文章正文文本内容16,文章正文文本内容16,",
        "views": 435,
        "flag": true,
        "status": "published",
        "updated": "2022-06-07T08:45:40.170",
        "created": "2022-06-07T07:05:35.689"
    }
},
{
    "model": "core.post",
    "pk": 17,
    "fields": {
        "title": "文章标题文本 17",
        "slug": "article-17",
        "category": 4,
        "author": [
            "eason"
        ],
        "img": "uploads/16-800x600.jpeg",
        "summary": "文章摘要内容文本17文章摘要内容文本17文章摘要内容文本17文章摘要内容文本17文章摘要内容文本17",
        "body": "文章正文文本内容17,文章正文文本内容17,文章正文文本内容17,文章正文文本内容17,文章正文文本内容17,文章正文文本内容17,文章正文文本内容17,文章正文文本内容17,文章正文文本内容17,文章正文文本内容17,文章正文文本内容17,文章正文文本内容17,文章正文文本内容17,文章正文文本内容17,文章正文文本内容17,文章正文文本内容17,文章正文文本内容17,文章正文文本内容17,文章正文文本内容17,文章正文文本内容17,文章正文文本内容17,文章正文文本内容17,文章正文文本内容17,文章正文文本内容17,文章正文文本内容17,文章正文文本内容17,文章正文文本内容17,文章正文文本内容17,文章正文文本内容17,文章正文文本内容17,文章正文文本内容17,文章正文文本内容17,文章正文文本内容17,文章正文文本内容17,文章正文文本内容17,文章正文文本内容17,文章正文文本内容17,文章正文文本内容17,文章正文文本内容17,文章正文文本内容17,文章正文文本内容17,文章正文文本内容17,文章正文文本内容17,文章正文文本内容17,文章正文文本内容17,文章正文文本内容17,文章正文文本内容17,文章正文文本内容17,文章正文文本内容17,文章正文文本内容17,",
        "views": 739,
        "flag": true,
        "status": "published",
        "updated": "2022-06-07T08:45:40.169",
        "created": "2022-06-07T07:05:35.690"
    }
},
{
    "model": "core.post",
    "pk": 18,
    "fields": {
        "title": "文章标题文本 18",
        "slug": "article-18",
        "category": 1,
        "author": [
            "eason"
        ],
        "img": "uploads/16-800x600.jpeg",
        "summary": "文章摘要内容文本18文章摘要内容文本18文章摘要内容文本18文章摘要内容文本18文章摘要内容文本18",
        "body": "文章正文文本内容18,文章正文文本内容18,文章正文文本内容18,文章正文文本内容18,文章正文文本内容18,文章正文文本内容18,文章正文文本内容18,文章正文文本内容18,文章正文文本内容18,文章正文文本内容18,文章正文文本内容18,文章正文文本内容18,文章正文文本内容18,文章正文文本内容18,文章正文文本内容18,文章正文文本内容18,文章正文文本内容18,文章正文文本内容18,文章正文文本内容18,文章正文文本内容18,文章正文文本内容18,文章正文文本内容18,文章正文文本内容18,文章正文文本内容18,文章正文文本内容18,文章正文文本内容18,文章正文文本内容18,文章正文文本内容18,文章正文文本内容18,文章正文文本内容18,文章正文文本内容18,文章正文文本内容18,文章正文文本内容18,文章正文文本内容18,文章正文文本内容18,文章正文文本内容18,文章正文文本内容18,文章正文文本内容18,文章正文文本内容18,文章正文文本内容18,文章正文文本内容18,文章正文文本内容18,文章正文文本内容18,文章正文文本内容18,文章正文文本内容18,文章正文文本内容18,文章正文文本内容18,文章正文文本内容18,文章正文文本内容18,文章正文文本内容18,",
        "views": 129,
        "flag": false,
        "status": "published",
        "updated": "2022-06-07T08:45:40.169",
        "created": "2022-06-07T07:05:35.691"
    }
},
{
    "model": "core.post",
    "pk": 19,
    "fields": {
        "title": "文章标题文本 19",
        "slug": "article-19",
        "category": 4,
        "author": [
            "eason"
        ],
        "img": "uploads/16-800x600.jpeg",
        "summary": "文章摘要内容文本19文章摘要内容文本19文章摘要内容文本19文章摘要内容文本19文章摘要内容文本19",
        "body": "文章正文文本内容19,文章正文文本内容19,文章正文文本内容19,文章正文文本内容19,文章正文文本内容19,文章正文文本内容19,文章正文文本内容19,文章正文文本内容19,文章正文文本内容19,文章正文文本内容19,文章正文文本内容19,文章正文文本内容19,文章正文文本内容19,文章正文文本内容19,文章正文文本内容19,文章正文文本内容19,文章正文文本内容19,文章正文文本内容19,文章正文文本内容19,文章正文文本内容19,文章正文文本内容19,文章正文文本内容19,文章正文文本内容19,文章正文文本内容19,文章正文文本内容19,文章正文文本内容19,文章正文文本内容19,文章正文文本内容19,文章正文文本内容19,文章正文文本内容19,文章正文文本内容19,文章正文文本内容19,文章正文文本内容19,文章正文文本内容19,文章正文文本内容19,文章正文文本内容19,文章正文文本内容19,文章正文文本内容19,文章正文文本内容19,文章正文文本内容19,文章正文文本内容19,文章正文文本内容19,文章正文文本内容19,文章正文文本内容19,文章正文文本内容19,文章正文文本内容19,文章正文文本内容19,文章正文文本内容19,文章正文文本内容19,文章正文文本内容19,",
        "views": 902,
        "flag": false,
        "status": "published",
        "updated": "2022-06-07T08:45:40.168",
        "created": "2022-06-07T07:05:35.693"
    }
},
{
    "model": "core.post",
    "pk": 20,
    "fields": {
        "title": "文章标题文本 20",
        "slug": "article-20",
        "category": 1,
        "author": [
            "eason"
        ],
        "img": "uploads/16-800x600.jpeg",
        "summary": "文章摘要内容文本20文章摘要内容文本20文章摘要内容文本20文章摘要内容文本20文章摘要内容文本20",
        "body": "文章正文文本内容20,文章正文文本内容20,文章正文文本内容20,文章正文文本内容20,文章正文文本内容20,文章正文文本内容20,文章正文文本内容20,文章正文文本内容20,文章正文文本内容20,文章正文文本内容20,文章正文文本内容20,文章正文文本内容20,文章正文文本内容20,文章正文文本内容20,文章正文文本内容20,文章正文文本内容20,文章正文文本内容20,文章正文文本内容20,文章正文文本内容20,文章正文文本内容20,文章正文文本内容20,文章正文文本内容20,文章正文文本内容20,文章正文文本内容20,文章正文文本内容20,文章正文文本内容20,文章正文文本内容20,文章正文文本内容20,文章正文文本内容20,文章正文文本内容20,文章正文文本内容20,文章正文文本内容20,文章正文文本内容20,文章正文文本内容20,文章正文文本内容20,文章正文文本内容20,文章正文文本内容20,文章正文文本内容20,文章正文文本内容20,文章正文文本内容20,文章正文文本内容20,文章正文文本内容20,文章正文文本内容20,文章正文文本内容20,文章正文文本内容20,文章正文文本内容20,文章正文文本内容20,文章正文文本内容20,文章正文文本内容20,文章正文文本内容20,",
        "views": 893,
        "flag": false,
        "status": "published",
        "updated": "2022-06-07T08:45:40.167",
        "created": "2022-06-07T07:05:35.694"
    }
},
{
    "model": "core.post",
    "pk": 21,
    "fields": {
        "title": "文章标题文本 21",
        "slug": "article-21",
        "category": 4,
        "author": [
            "eason"
        ],
        "img": "uploads/16-800x600.jpeg",
        "summary": "文章摘要内容文本21文章摘要内容文本21文章摘要内容文本21文章摘要内容文本21文章摘要内容文本21",
        "body": "文章正文文本内容21,文章正文文本内容21,文章正文文本内容21,文章正文文本内容21,文章正文文本内容21,文章正文文本内容21,文章正文文本内容21,文章正文文本内容21,文章正文文本内容21,文章正文文本内容21,文章正文文本内容21,文章正文文本内容21,文章正文文本内容21,文章正文文本内容21,文章正文文本内容21,文章正文文本内容21,文章正文文本内容21,文章正文文本内容21,文章正文文本内容21,文章正文文本内容21,文章正文文本内容21,文章正文文本内容21,文章正文文本内容21,文章正文文本内容21,文章正文文本内容21,文章正文文本内容21,文章正文文本内容21,文章正文文本内容21,文章正文文本内容21,文章正文文本内容21,文章正文文本内容21,文章正文文本内容21,文章正文文本内容21,文章正文文本内容21,文章正文文本内容21,文章正文文本内容21,文章正文文本内容21,文章正文文本内容21,文章正文文本内容21,文章正文文本内容21,文章正文文本内容21,文章正文文本内容21,文章正文文本内容21,文章正文文本内容21,文章正文文本内容21,文章正文文本内容21,文章正文文本内容21,文章正文文本内容21,文章正文文本内容21,文章正文文本内容21,",
        "views": 54,
        "flag": true,
        "status": "published",
        "updated": "2022-06-07T08:45:40.166",
        "created": "2022-06-07T07:05:35.695"
    }
},
{
    "model": "core.post",
    "pk": 22,
    "fields": {
        "title": "文章标题文本 22",
        "slug": "article-22",
        "category": 1,
        "author": [
            "eason"
        ],
        "img": "uploads/16-800x600.jpeg",
        "summary": "文章摘要内容文本22文章摘要内容文本22文章摘要内容文本22文章摘要内容文本22文章摘要内容文本22",
        "body": "文章正文文本内容22,文章正文文本内容22,文章正文文本内容22,文章正文文本内容22,文章正文文本内容22,文章正文文本内容22,文章正文文本内容22,文章正文文本内容22,文章正文文本内容22,文章正文文本内容22,文章正文文本内容22,文章正文文本内容22,文章正文文本内容22,文章正文文本内容22,文章正文文本内容22,文章正文文本内容22,文章正文文本内容22,文章正文文本内容22,文章正文文本内容22,文章正文文本内容22,文章正文文本内容22,文章正文文本内容22,文章正文文本内容22,文章正文文本内容22,文章正文文本内容22,文章正文文本内容22,文章正文文本内容22,文章正文文本内容22,文章正文文本内容22,文章正文文本内容22,文章正文文本内容22,文章正文文本内容22,文章正文文本内容22,文章正文文本内容22,文章正文文本内容22,文章正文文本内容22,文章正文文本内容22,文章正文文本内容22,文章正文文本内容22,文章正文文本内容22,文章正文文本内容22,文章正文文本内容22,文章正文文本内容22,文章正文文本内容22,文章正文文本内容22,文章正文文本内容22,文章正文文本内容22,文章正文文本内容22,文章正文文本内容22,文章正文文本内容22,",
        "views": 160,
        "flag": false,
        "status": "published",
        "updated": "2022-06-07T08:45:40.165",
        "created": "2022-06-07T07:05:35.697"
    }
},
{
    "model": "core.post",
    "pk": 23,
    "fields": {
        "title": "文章标题文本 23",
        "slug": "article-23",
        "category": 2,
        "author": [
            "eason"
        ],
        "img": "uploads/16-800x600.jpeg",
        "summary": "文章摘要内容文本23文章摘要内容文本23文章摘要内容文本23文章摘要内容文本23文章摘要内容文本23",
        "body": "文章正文文本内容23,文章正文文本内容23,文章正文文本内容23,文章正文文本内容23,文章正文文本内容23,文章正文文本内容23,文章正文文本内容23,文章正文文本内容23,文章正文文本内容23,文章正文文本内容23,文章正文文本内容23,文章正文文本内容23,文章正文文本内容23,文章正文文本内容23,文章正文文本内容23,文章正文文本内容23,文章正文文本内容23,文章正文文本内容23,文章正文文本内容23,文章正文文本内容23,文章正文文本内容23,文章正文文本内容23,文章正文文本内容23,文章正文文本内容23,文章正文文本内容23,文章正文文本内容23,文章正文文本内容23,文章正文文本内容23,文章正文文本内容23,文章正文文本内容23,文章正文文本内容23,文章正文文本内容23,文章正文文本内容23,文章正文文本内容23,文章正文文本内容23,文章正文文本内容23,文章正文文本内容23,文章正文文本内容23,文章正文文本内容23,文章正文文本内容23,文章正文文本内容23,文章正文文本内容23,文章正文文本内容23,文章正文文本内容23,文章正文文本内容23,文章正文文本内容23,文章正文文本内容23,文章正文文本内容23,文章正文文本内容23,文章正文文本内容23,",
        "views": 826,
        "flag": true,
        "status": "published",
        "updated": "2022-06-07T08:45:40.164",
        "created": "2022-06-07T07:05:35.698"
    }
},
{
    "model": "core.post",
    "pk": 24,
    "fields": {
        "title": "文章标题文本 24",
        "slug": "article-24",
        "category": 2,
        "author": [
            "eason"
        ],
        "img": "uploads/16-800x600.jpeg",
        "summary": "文章摘要内容文本24文章摘要内容文本24文章摘要内容文本24文章摘要内容文本24文章摘要内容文本24",
        "body": "文章正文文本内容24,文章正文文本内容24,文章正文文本内容24,文章正文文本内容24,文章正文文本内容24,文章正文文本内容24,文章正文文本内容24,文章正文文本内容24,文章正文文本内容24,文章正文文本内容24,文章正文文本内容24,文章正文文本内容24,文章正文文本内容24,文章正文文本内容24,文章正文文本内容24,文章正文文本内容24,文章正文文本内容24,文章正文文本内容24,文章正文文本内容24,文章正文文本内容24,文章正文文本内容24,文章正文文本内容24,文章正文文本内容24,文章正文文本内容24,文章正文文本内容24,文章正文文本内容24,文章正文文本内容24,文章正文文本内容24,文章正文文本内容24,文章正文文本内容24,文章正文文本内容24,文章正文文本内容24,文章正文文本内容24,文章正文文本内容24,文章正文文本内容24,文章正文文本内容24,文章正文文本内容24,文章正文文本内容24,文章正文文本内容24,文章正文文本内容24,文章正文文本内容24,文章正文文本内容24,文章正文文本内容24,文章正文文本内容24,文章正文文本内容24,文章正文文本内容24,文章正文文本内容24,文章正文文本内容24,文章正文文本内容24,文章正文文本内容24,",
        "views": 239,
        "flag": false,
        "status": "published",
        "updated": "2022-06-07T08:45:40.163",
        "created": "2022-06-07T07:05:35.699"
    }
},
{
    "model": "core.post",
    "pk": 25,
    "fields": {
        "title": "文章标题文本 25",
        "slug": "article-25",
        "category": 3,
        "author": [
            "eason"
        ],
        "img": "uploads/16-800x600.jpeg",
        "summary": "文章摘要内容文本25文章摘要内容文本25文章摘要内容文本25文章摘要内容文本25文章摘要内容文本25",
        "body": "文章正文文本内容25,文章正文文本内容25,文章正文文本内容25,文章正文文本内容25,文章正文文本内容25,文章正文文本内容25,文章正文文本内容25,文章正文文本内容25,文章正文文本内容25,文章正文文本内容25,文章正文文本内容25,文章正文文本内容25,文章正文文本内容25,文章正文文本内容25,文章正文文本内容25,文章正文文本内容25,文章正文文本内容25,文章正文文本内容25,文章正文文本内容25,文章正文文本内容25,文章正文文本内容25,文章正文文本内容25,文章正文文本内容25,文章正文文本内容25,文章正文文本内容25,文章正文文本内容25,文章正文文本内容25,文章正文文本内容25,文章正文文本内容25,文章正文文本内容25,文章正文文本内容25,文章正文文本内容25,文章正文文本内容25,文章正文文本内容25,文章正文文本内容25,文章正文文本内容25,文章正文文本内容25,文章正文文本内容25,文章正文文本内容25,文章正文文本内容25,文章正文文本内容25,文章正文文本内容25,文章正文文本内容25,文章正文文本内容25,文章正文文本内容25,文章正文文本内容25,文章正文文本内容25,文章正文文本内容25,文章正文文本内容25,文章正文文本内容25,",
        "views": 338,
        "flag": true,
        "status": "published",
        "updated": "2022-06-07T08:45:40.162",
        "created": "2022-06-07T07:05:35.700"
    }
},
{
    "model": "core.post",
    "pk": 26,
    "fields": {
        "title": "文章标题文本 26",
        "slug": "article-26",
        "category": 2,
        "author": [
            "eason"
        ],
        "img": "uploads/16-800x600.jpeg",
        "summary": "文章摘要内容文本26文章摘要内容文本26文章摘要内容文本26文章摘要内容文本26文章摘要内容文本26",
        "body": "文章正文文本内容26,文章正文文本内容26,文章正文文本内容26,文章正文文本内容26,文章正文文本内容26,文章正文文本内容26,文章正文文本内容26,文章正文文本内容26,文章正文文本内容26,文章正文文本内容26,文章正文文本内容26,文章正文文本内容26,文章正文文本内容26,文章正文文本内容26,文章正文文本内容26,文章正文文本内容26,文章正文文本内容26,文章正文文本内容26,文章正文文本内容26,文章正文文本内容26,文章正文文本内容26,文章正文文本内容26,文章正文文本内容26,文章正文文本内容26,文章正文文本内容26,文章正文文本内容26,文章正文文本内容26,文章正文文本内容26,文章正文文本内容26,文章正文文本内容26,文章正文文本内容26,文章正文文本内容26,文章正文文本内容26,文章正文文本内容26,文章正文文本内容26,文章正文文本内容26,文章正文文本内容26,文章正文文本内容26,文章正文文本内容26,文章正文文本内容26,文章正文文本内容26,文章正文文本内容26,文章正文文本内容26,文章正文文本内容26,文章正文文本内容26,文章正文文本内容26,文章正文文本内容26,文章正文文本内容26,文章正文文本内容26,文章正文文本内容26,",
        "views": 103,
        "flag": true,
        "status": "published",
        "updated": "2022-06-15T06:20:53.951",
        "created": "2022-06-07T07:05:35.702"
    }
},
{
    "model": "core.post",
    "pk": 27,
    "fields": {
        "title": "文章标题文本 27",
        "slug": "article-27",
        "category": 2,
        "author": [
            "eason"
        ],
        "img": "uploads/16-800x600.jpeg",
        "summary": "文章摘要内容文本27文章摘要内容文本27文章摘要内容文本27文章摘要内容文本27文章摘要内容文本27",
        "body": "文章正文文本内容27,文章正文文本内容27,文章正文文本内容27,文章正文文本内容27,文章正文文本内容27,文章正文文本内容27,文章正文文本内容27,文章正文文本内容27,文章正文文本内容27,文章正文文本内容27,文章正文文本内容27,文章正文文本内容27,文章正文文本内容27,文章正文文本内容27,文章正文文本内容27,文章正文文本内容27,文章正文文本内容27,文章正文文本内容27,文章正文文本内容27,文章正文文本内容27,文章正文文本内容27,文章正文文本内容27,文章正文文本内容27,文章正文文本内容27,文章正文文本内容27,文章正文文本内容27,文章正文文本内容27,文章正文文本内容27,文章正文文本内容27,文章正文文本内容27,文章正文文本内容27,文章正文文本内容27,文章正文文本内容27,文章正文文本内容27,文章正文文本内容27,文章正文文本内容27,文章正文文本内容27,文章正文文本内容27,文章正文文本内容27,文章正文文本内容27,文章正文文本内容27,文章正文文本内容27,文章正文文本内容27,文章正文文本内容27,文章正文文本内容27,文章正文文本内容27,文章正文文本内容27,文章正文文本内容27,文章正文文本内容27,文章正文文本内容27,",
        "views": 604,
        "flag": false,
        "status": "published",
        "updated": "2022-06-07T08:45:40.160",
        "created": "2022-06-07T07:05:35.703"
    }
},
{
    "model": "core.post",
    "pk": 28,
    "fields": {
        "title": "文章标题文本 28",
        "slug": "article-28",
        "category": 2,
        "author": [
            "eason"
        ],
        "img": "uploads/16-800x600.jpeg",
        "summary": "文章摘要内容文本28文章摘要内容文本28文章摘要内容文本28文章摘要内容文本28文章摘要内容文本28",
        "body": "文章正文文本内容28,文章正文文本内容28,文章正文文本内容28,文章正文文本内容28,文章正文文本内容28,文章正文文本内容28,文章正文文本内容28,文章正文文本内容28,文章正文文本内容28,文章正文文本内容28,文章正文文本内容28,文章正文文本内容28,文章正文文本内容28,文章正文文本内容28,文章正文文本内容28,文章正文文本内容28,文章正文文本内容28,文章正文文本内容28,文章正文文本内容28,文章正文文本内容28,文章正文文本内容28,文章正文文本内容28,文章正文文本内容28,文章正文文本内容28,文章正文文本内容28,文章正文文本内容28,文章正文文本内容28,文章正文文本内容28,文章正文文本内容28,文章正文文本内容28,文章正文文本内容28,文章正文文本内容28,文章正文文本内容28,文章正文文本内容28,文章正文文本内容28,文章正文文本内容28,文章正文文本内容28,文章正文文本内容28,文章正文文本内容28,文章正文文本内容28,文章正文文本内容28,文章正文文本内容28,文章正文文本内容28,文章正文文本内容28,文章正文文本内容28,文章正文文本内容28,文章正文文本内容28,文章正文文本内容28,文章正文文本内容28,文章正文文本内容28,",
        "views": 781,
        "flag": false,
        "status": "published",
        "updated": "2022-06-07T08:45:40.157",
        "created": "2022-06-07T07:05:35.704"
    }
},
{
    "model": "core.post",
    "pk": 29,
    "fields": {
        "title": "文章标题文本 29",
        "slug": "article-29",
        "category": 1,
        "author": [
            "eason"
        ],
        "img": "uploads/16-800x600.jpeg",
        "summary": "文章摘要内容文本29文章摘要内容文本29文章摘要内容文本29文章摘要内容文本29文章摘要内容文本29",
        "body": "文章正文文本内容29,文章正文文本内容29,文章正文文本内容29,文章正文文本内容29,文章正文文本内容29,文章正文文本内容29,文章正文文本内容29,文章正文文本内容29,文章正文文本内容29,文章正文文本内容29,文章正文文本内容29,文章正文文本内容29,文章正文文本内容29,文章正文文本内容29,文章正文文本内容29,文章正文文本内容29,文章正文文本内容29,文章正文文本内容29,文章正文文本内容29,文章正文文本内容29,文章正文文本内容29,文章正文文本内容29,文章正文文本内容29,文章正文文本内容29,文章正文文本内容29,文章正文文本内容29,文章正文文本内容29,文章正文文本内容29,文章正文文本内容29,文章正文文本内容29,文章正文文本内容29,文章正文文本内容29,文章正文文本内容29,文章正文文本内容29,文章正文文本内容29,文章正文文本内容29,文章正文文本内容29,文章正文文本内容29,文章正文文本内容29,文章正文文本内容29,文章正文文本内容29,文章正文文本内容29,文章正文文本内容29,文章正文文本内容29,文章正文文本内容29,文章正文文本内容29,文章正文文本内容29,文章正文文本内容29,文章正文文本内容29,文章正文文本内容29,",
        "views": 797,
        "flag": false,
        "status": "published",
        "updated": "2022-06-07T08:45:40.156",
        "created": "2022-06-07T07:05:35.706"
    }
},
{
    "model": "core.post",
    "pk": 30,
    "fields": {
        "title": "文章标题文本 30",
        "slug": "article-30",
        "category": 2,
        "author": [
            "eason"
        ],
        "img": "uploads/16-800x600.jpeg",
        "summary": "文章摘要内容文本30文章摘要内容文本30文章摘要内容文本30文章摘要内容文本30文章摘要内容文本30",
        "body": "文章正文文本内容30,文章正文文本内容30,文章正文文本内容30,文章正文文本内容30,文章正文文本内容30,文章正文文本内容30,文章正文文本内容30,文章正文文本内容30,文章正文文本内容30,文章正文文本内容30,文章正文文本内容30,文章正文文本内容30,文章正文文本内容30,文章正文文本内容30,文章正文文本内容30,文章正文文本内容30,文章正文文本内容30,文章正文文本内容30,文章正文文本内容30,文章正文文本内容30,文章正文文本内容30,文章正文文本内容30,文章正文文本内容30,文章正文文本内容30,文章正文文本内容30,文章正文文本内容30,文章正文文本内容30,文章正文文本内容30,文章正文文本内容30,文章正文文本内容30,文章正文文本内容30,文章正文文本内容30,文章正文文本内容30,文章正文文本内容30,文章正文文本内容30,文章正文文本内容30,文章正文文本内容30,文章正文文本内容30,文章正文文本内容30,文章正文文本内容30,文章正文文本内容30,文章正文文本内容30,文章正文文本内容30,文章正文文本内容30,文章正文文本内容30,文章正文文本内容30,文章正文文本内容30,文章正文文本内容30,文章正文文本内容30,文章正文文本内容30,",
        "views": 247,
        "flag": false,
        "status": "published",
        "updated": "2022-06-07T08:45:40.155",
        "created": "2022-06-07T07:05:35.707"
    }
},
{
    "model": "core.post",
    "pk": 31,
    "fields": {
        "title": "文章标题文本 31",
        "slug": "article-31",
        "category": 2,
        "author": [
            "eason"
        ],
        "img": "uploads/16-800x600.jpeg",
        "summary": "文章摘要内容文本31文章摘要内容文本31文章摘要内容文本31文章摘要内容文本31文章摘要内容文本31",
        "body": "<p>文章正文文本内容31,文章正文文本内容31,文章正文文本内容31,文章正文文本内容31,文章正文文本内容31,文章正文文本内容31,文章正文文本内容31,文章正文文本内容31,文章正文文本内容31,文章正文文本内容31,文章正文文本内容31,文章正文文本内容31,文章正文文本内容31,文章正文文本内容31,文章正文文本内容31,文章正文文本内容31,文章正文文本内容31,文章正文文本内容31</p><p><img src=\"/media/django-summernote/2022-06-08/5e237bfb-77de-4763-97e1-87865b2f7783.jpeg\" style=\"width: 50%; float: left;\" class=\"note-float-left\"><br></p><p><br></p><p>文章正文文本内容31,文章正文文本内容31,文章正文文本内容31,文章正文文本内容31,文章正文文本内容31,文章正文文本内容31,文章正文文本内容31,文章正文文本内容31,文章正文文本内容31,文章正文文本内容31,文章正文文本内容31,文章正文文本内容31,文章正文文本内容31,文章正文文本内容31,文章正文文本内容31,文章正文文本内容31,文章正文文本内容31,文章正文文本内容31,文章正文文本内容31,文章正文文本内容31,文章正文文本内容31,文章正文文本内容31,文章正文文本内容31,文章正文文本内容31,文章正文文本内容31,文章正文文本内容31,文章正文文本内容31,文章正文文本内容31,文章正文文本内容31,文章正文文本内容31,文章正文文本内容31,文章正文文本内容31,</p>",
        "views": 867,
        "flag": true,
        "status": "published",
        "updated": "2022-06-08T02:17:07.458",
        "created": "2022-06-07T07:05:35.708"
    }
},
{
    "model": "core.post",
    "pk": 32,
    "fields": {
        "title": "文章标题文本 32",
        "slug": "article-32",
        "category": 1,
        "author": [
            "eason"
        ],
        "img": "uploads/16-800x600.jpeg",
        "summary": "文章摘要内容文本32文章摘要内容文本32文章摘要内容文本32文章摘要内容文本32文章摘要内容文本32",
        "body": "文章正文文本内容32,文章正文文本内容32,文章正文文本内容32,文章正文文本内容32,文章正文文本内容32,文章正文文本内容32,文章正文文本内容32,文章正文文本内容32,文章正文文本内容32,文章正文文本内容32,文章正文文本内容32,文章正文文本内容32,文章正文文本内容32,文章正文文本内容32,文章正文文本内容32,文章正文文本内容32,文章正文文本内容32,文章正文文本内容32,文章正文文本内容32,文章正文文本内容32,文章正文文本内容32,文章正文文本内容32,文章正文文本内容32,文章正文文本内容32,文章正文文本内容32,文章正文文本内容32,文章正文文本内容32,文章正文文本内容32,文章正文文本内容32,文章正文文本内容32,文章正文文本内容32,文章正文文本内容32,文章正文文本内容32,文章正文文本内容32,文章正文文本内容32,文章正文文本内容32,文章正文文本内容32,文章正文文本内容32,文章正文文本内容32,文章正文文本内容32,文章正文文本内容32,文章正文文本内容32,文章正文文本内容32,文章正文文本内容32,文章正文文本内容32,文章正文文本内容32,文章正文文本内容32,文章正文文本内容32,文章正文文本内容32,文章正文文本内容32,",
        "views": 133,
        "flag": true,
        "status": "published",
        "updated": "2022-06-07T08:45:40.154",
        "created": "2022-06-07T07:05:35.710"
    }
},
{
    "model": "core.post",
    "pk": 33,
    "fields": {
        "title": "文章标题文本 33",
        "slug": "article-33",
        "category": 4,
        "author": [
            "eason"
        ],
        "img": "uploads/16-800x600.jpeg",
        "summary": "文章摘要内容文本33文章摘要内容文本33文章摘要内容文本33文章摘要内容文本33文章摘要内容文本33",
        "body": "文章正文文本内容33,文章正文文本内容33,文章正文文本内容33,文章正文文本内容33,文章正文文本内容33,文章正文文本内容33,文章正文文本内容33,文章正文文本内容33,文章正文文本内容33,文章正文文本内容33,文章正文文本内容33,文章正文文本内容33,文章正文文本内容33,文章正文文本内容33,文章正文文本内容33,文章正文文本内容33,文章正文文本内容33,文章正文文本内容33,文章正文文本内容33,文章正文文本内容33,文章正文文本内容33,文章正文文本内容33,文章正文文本内容33,文章正文文本内容33,文章正文文本内容33,文章正文文本内容33,文章正文文本内容33,文章正文文本内容33,文章正文文本内容33,文章正文文本内容33,文章正文文本内容33,文章正文文本内容33,文章正文文本内容33,文章正文文本内容33,文章正文文本内容33,文章正文文本内容33,文章正文文本内容33,文章正文文本内容33,文章正文文本内容33,文章正文文本内容33,文章正文文本内容33,文章正文文本内容33,文章正文文本内容33,文章正文文本内容33,文章正文文本内容33,文章正文文本内容33,文章正文文本内容33,文章正文文本内容33,文章正文文本内容33,文章正文文本内容33,",
        "views": 180,
        "flag": false,
        "status": "published",
        "updated": "2022-06-15T06:20:32.389",
        "created": "2022-06-07T07:05:35.711"
    }
},
{
    "model": "core.post",
    "pk": 34,
    "fields": {
        "title": "SQL 必知必会技巧",
        "slug": "sql-must-know",
        "category": 4,
        "author": [
            "eason"
        ],
        "img": "uploads/16-800x600.jpeg",
        "summary": "文章摘要内容文本34文章摘要内容文本34文章摘要内容文本34文章摘要内容文本34文章摘要内容文本34",
        "body": "<p>文章正文文本内容34,文章正文文本内容34,文章正文文本内容34,文章正文文本内容34,文章正文文本内容34,文章正文文本内容34,文章正文文本内容34,文章正文文本内容34,文章正文文本内容34,文章正文文本内容34,文章正文文本内容34,文章正文文本内容34,文章正文文本内容34,</p><p><img src=\"/media/django-summernote/2022-06-08/af163359-af14-4e47-9189-35a8410b5962.jpeg\" style=\"width: 698px;\"><br></p><p><br></p><p>文章正文文本内容34,文章正文文本内容34,文章正文文本内容34,文章正文文本内容34,文章正文文本内容34,文章正文文本内容34,文章正文文本内容34,文章正文文本内容34,文章正文文本内容34,文章正文文本内容34,文章正文文本内容34,文章正文文本内容34,文章正文文本内容34,文章正文文本内容34,文章正文文本内容34,文章正文文本内容34,文章正文文本内容34,文章正文文本内容34,文章正文文本内容34,文章正文文本内容34,文章正文文本内容34,文章正文文本内容34,文章正文文本内容34,文章正文文本内容34,文章正文文本内容34,文章正文文本内容34,文章正文文本内容34,文章正文文本内容34,文章正文文本内容34,文章正文文本内容34,文章正文文本内容34,文章正文文本内容34,文章正文文本内容34,文章正文文本内容34,文章正文文本内容34,文章正文文本内容34,文章正文文本内容34,</p><p><br></p>",
        "views": 350,
        "flag": false,
        "status": "published",
        "updated": "2022-06-20T08:10:27.481",
        "created": "2022-06-07T07:05:35.712"
    }
},
{
    "model": "core.post",
    "pk": 35,
    "fields": {
        "title": "Python 函数定义",
        "slug": "python-function",
        "category": 4,
        "author": [
            "eason"
        ],
        "img": "uploads/28-800x600.jpeg",
        "summary": "文章摘要内容文本35文章摘要内容文本35文章摘要内容文本35文章摘要内容文本35文章摘要内容文本35",
        "body": "<h5 class=\"\"><br></h5><table class=\"table table-bordered\"><tbody><tr><td>id</td><td>Name</td><td>Age</td></tr><tr><td>1</td><td>Tom</td><td>30</td></tr><tr><td>2</td><td>Jerry</td><td>20</td></tr></tbody></table><h5 class=\"\">文章正文文本内容35,</h5><p>文章正文文本内容35,文<b><i><u>章正文文本内容</u></i></b>35,文章正文文本内容35,</p><ul><li>python</li><li>django</li><li>Flask</li><li>MongoDB</li><li>RESTFul API</li></ul><p>文章正文文本内容35,文章正文文本内容35,文章正文文本内容35,文章正文文本内容35,文章正文文本内容35,文章正文文本内容35,文章正文文本内容35,文章正文文本内容35,文章正文文本内容35,文章正文文本内容35,文章正文文本内容35,文章正文文本内容35,文章正文文本内容35,文章正文文本内容35,文章正文文本内容35,文章正文文本内容35,文章正文文本内容35,文章正文文本内容35,文章正文文本内容35,文章正文文本内容35,文章正文文本内容35,文章正文文本内容35,文章正文文本内容35,文章正文文本内容35,文章正文文本内容35,文章正文文本内容35,文章正文文本内容35,文章正文文本内容35,文章正文文本内容35,文章正文文本内容35,文章正文文本内容35,文章正文文本内容35,文章正文文本内容35,文章正文文本内容35,文章正文文本内容35,文章正文文本内容35,文章正文文本内容35,文章正文文本内容35,文章正文文本内容35,文章正文文本内容35,文章正文文本内容35,文章正文文本内容35,文章正文文本内容35,文章正文文本内容35,文章正文文本内容35,文章正文文本内容35,</p>",
        "views": 415,
        "flag": true,
        "status": "published",
        "updated": "2022-06-20T08:05:10.194",
        "created": "2022-06-07T07:05:35.713"
    }
},
{
    "model": "core.post",
    "pk": 36,
    "fields": {
        "title": "苹果在爱立信的法律诉讼大战中发起标准必要专利(SEP)反诉",
        "slug": "apple-alison",
        "category": 3,
        "author": [
            "eason"
        ],
        "img": "uploads/6338bdfad1a29b6.jpeg",
        "summary": "苹果和爱立信在5G专利问题上的法庭争斗正在进行，爱立信指责苹果侵犯了其知识产权。然而，为了在爱立信面前占得先机，苹果现在正在发起它的第一个标准必要专利诉讼。继哥伦比亚禁止配备5G的iPhone和iPad之后",
        "body": "<p>诉讼发生在慕尼黑，苹果对爱立信配备的4G LTE硬件提出了有关4G技术的标准必要专利。虽然目前还不清楚苹果是否会在这一特定案件中寻求禁令，这标志着该公司在专利诉讼领域的重要战术变化。</p><p><br></p><p>据FOSS专利网报道，苹果的申请是基于一项\"虚拟化网络功能管理\"的专利。该专利最初由英特尔申请，作为iPhone制造商在2019年以10亿美元收购英特尔调制解调器业务的一部分，该专利随后被移交给了苹果，其中包括17000多项无线技术专利。</p><p><br></p><p>标准必要专利指的是是为了符合一项技术标准而需要的，因此必须得到他人的许可，否则就会面临被起诉收取专利费的单一情况。虽然多年来苹果通常是涉及SEP的诉讼对象，但这似乎是苹果第一次在申请中宣示自己的SEP。</p><p><br></p><p>虽然爱立信对苹果的主要不满是关于5G专利，但苹果的SEP是针对爱立信产品采用的另一种通信技术4G LTE。</p><p><br></p><p>慕尼黑第一地区法院将第21 O 1970/22号案件的第一次听证会定在2023年2月15日，由法官Georg Werner博士主持的第21民事庭进行。随后，在3月1日，将对苹果-爱立信的另一项反诉进行听证，该反诉涉及苹果拥有的\"通过共同天线策略进行无线回程和接入通信的装置、系统和方法\"的非SEP专利。</p><p><br></p><p>此举是两家公司之间长期和广泛的专利侵权斗争的最新进展，一系列行动包括在欧洲和英国提起多起诉讼，在美国国际贸易委员会开展活动，以及爱立信对苹果产品的巴西经销商采取行动。</p><p><br></p><p>爱立信还成功地在哥伦比亚获得了一项禁令，阻止任何配备5G的iPhone或iPad的进口、销售和广告行为。</p>",
        "views": 123,
        "flag": false,
        "status": "published",
        "updated": "2022-07-12T14:39:47.280",
        "created": "2022-07-12T14:39:47.280"
    }
},
{
    "model": "core.post",
    "pk": 37,
    "fields": {
        "title": "7月国产网络游戏版号发布：腾讯网易再缺席",
        "slug": "netease-game",
        "category": 1,
        "author": [
            "eason"
        ],
        "img": "uploads/BCF8C833C57179F1247CF4B8ADBF9F6BABF8ED37_size900_w1539_h885.webp",
        "summary": "7月12日消息，国家新闻出版署发布了7月国产网络游戏审批信息，共有67款游戏获批。根据国家新闻出版署官方网站信息显示，本次获批版号的包括了中青宝的《三国演义：兵临城下》、游族网络的《战火与永恒》、创梦天地的《永恒轮回：无限》等厂商的游戏。",
        "body": "<p><span style=\"color: rgb(0, 0, 0); font-family: &quot;Classic Grotesque W01&quot;, &quot;Hiragino Sans GB&quot;, &quot;Microsoft YaHei&quot;, STHeiti, &quot;WenQuanYi Micro Hei&quot;, Arial, SimSun, sans-serif; font-size: 16px; background-color: rgba(255, 255, 255, 0.65);\">7月12日消息，国家新闻出版署发布了7月国产网络游戏审批信息，共有67款游戏获批。根据国家新闻出版署官方网站信息显示，本次获批版号的包括了中青宝的《三国演义：兵临城下》、游族网络的《战火与永恒》、创梦天地的《永恒轮回：无限》等厂商的游戏。</span><img src=\"/media/django-summernote/2022-07-12/3127628e-483f-4c3c-b3f9-2652d27b6491.png\" style=\"width: 698px;\"><br></p>",
        "views": 224,
        "flag": false,
        "status": "published",
        "updated": "2022-07-12T14:41:59.873",
        "created": "2022-07-12T14:41:59.873"
    }
},
{
    "model": "core.post",
    "pk": 38,
    "fields": {
        "title": "亨特·拜登的iCloud疑似被黑 事件已得到美国特勤局的关注",
        "slug": "biden-icloud",
        "category": 2,
        "author": [
            "eason"
        ],
        "img": "uploads/c211dec92eccb22.jpeg",
        "summary": "美国特勤局表示，该局和其他联邦机构都知道亨特·拜登（第46任美国总统乔·拜登的次子）的iCloud账户疑似被黑，但不清楚他们对此采取了什么措施。",
        "body": "<p style=\"transition: all 0.2s ease 0s; margin: 8px auto 0px; padding: 0px; border: 0px; font-variant-numeric: inherit; font-variant-east-asian: inherit; font-stretch: inherit; font-size: 16px; line-height: inherit; font-family: &quot;Classic Grotesque W01&quot;, &quot;Hiragino Sans GB&quot;, &quot;Microsoft YaHei&quot;, STHeiti, &quot;WenQuanYi Micro Hei&quot;, Arial, SimSun, sans-serif; vertical-align: baseline; overflow-wrap: break-word; word-break: break-all; text-indent: 2em; color: rgb(0, 0, 0); background-color: rgba(255, 255, 255, 0.65);\">该消息被反复描述为黑客攻击或4chan破解了拜登的密码，但更有可能是通过网络钓鱼获得的登录信息。</p><p style=\"transition: all 0.2s ease 0s; margin: 8px auto 0px; padding: 0px; border: 0px; font-variant-numeric: inherit; font-variant-east-asian: inherit; font-stretch: inherit; font-size: 16px; line-height: inherit; font-family: &quot;Classic Grotesque W01&quot;, &quot;Hiragino Sans GB&quot;, &quot;Microsoft YaHei&quot;, STHeiti, &quot;WenQuanYi Micro Hei&quot;, Arial, SimSun, sans-serif; vertical-align: baseline; overflow-wrap: break-word; word-break: break-all; text-indent: 2em; color: rgb(0, 0, 0); background-color: rgba(255, 255, 255, 0.65);\">从4chan最新发布的信息中，尚不清楚这些数据是新的，还是之前声称的拜登账户访问的一部分。2020年，亨特·拜登的笔记本电脑据称被盗，但据英国广播公司（BBC）报道，由于消息难以得到印证，媒体拒绝报道这一事件。</p><p style=\"transition: all 0.2s ease 0s; margin: 8px auto 0px; padding: 0px; border: 0px; font-variant-numeric: inherit; font-variant-east-asian: inherit; font-stretch: inherit; font-size: 16px; line-height: inherit; font-family: &quot;Classic Grotesque W01&quot;, &quot;Hiragino Sans GB&quot;, &quot;Microsoft YaHei&quot;, STHeiti, &quot;WenQuanYi Micro Hei&quot;, Arial, SimSun, sans-serif; vertical-align: baseline; overflow-wrap: break-word; word-break: break-all; text-indent: 2em; color: rgb(0, 0, 0); background-color: rgba(255, 255, 255, 0.65);\">现在据NBC新闻报道，美国特勤局已经证实，他们\"了解到了\"新的说法，但该机构没有说他们正在接受调查。</p><p style=\"transition: all 0.2s ease 0s; margin: 8px auto 0px; padding: 0px; border: 0px; font-variant-numeric: inherit; font-variant-east-asian: inherit; font-stretch: inherit; font-size: 16px; line-height: inherit; font-family: &quot;Classic Grotesque W01&quot;, &quot;Hiragino Sans GB&quot;, &quot;Microsoft YaHei&quot;, STHeiti, &quot;WenQuanYi Micro Hei&quot;, Arial, SimSun, sans-serif; vertical-align: baseline; overflow-wrap: break-word; word-break: break-all; text-indent: 2em; color: rgb(0, 0, 0); background-color: rgba(255, 255, 255, 0.65);\">特勤局发言人安东尼-古列尔米（Anthony Guglielmi）说：\"目前我们还不能对潜在的调查行动发表公开评论。我可以向你保证，特勤局和其他联邦执法伙伴都知道提及拜登先生的社交媒体帖子和这些说法。\"</p><p style=\"transition: all 0.2s ease 0s; margin: 8px auto 0px; padding: 0px; border: 0px; font-variant-numeric: inherit; font-variant-east-asian: inherit; font-stretch: inherit; font-size: 16px; line-height: inherit; font-family: &quot;Classic Grotesque W01&quot;, &quot;Hiragino Sans GB&quot;, &quot;Microsoft YaHei&quot;, STHeiti, &quot;WenQuanYi Micro Hei&quot;, Arial, SimSun, sans-serif; vertical-align: baseline; overflow-wrap: break-word; word-break: break-all; text-indent: 2em; color: rgb(0, 0, 0); background-color: rgba(255, 255, 255, 0.65);\">目前还没有证实这些泄露信息是否是源自亨特·拜登的信息。然而，NBC新闻称，它最终能够检查和验证先前被盗笔记本电脑的数据，并确实确认某些细节属于拜登次子或其公司。</p><p style=\"transition: all 0.2s ease 0s; margin: 8px auto 0px; padding: 0px; border: 0px; font-variant-numeric: inherit; font-variant-east-asian: inherit; font-stretch: inherit; font-size: 16px; line-height: inherit; font-family: &quot;Classic Grotesque W01&quot;, &quot;Hiragino Sans GB&quot;, &quot;Microsoft YaHei&quot;, STHeiti, &quot;WenQuanYi Micro Hei&quot;, Arial, SimSun, sans-serif; vertical-align: baseline; overflow-wrap: break-word; word-break: break-all; text-indent: 2em; color: rgb(0, 0, 0); background-color: rgba(255, 255, 255, 0.65);\">这些数据最终在2022年初由一位发言人代表鲁迪·朱利安尼提供给NBC新闻。2021年，朱利安尼曾声称有多个属于亨特·拜登的硬盘。</p>",
        "views": 22,
        "flag": false,
        "status": "published",
        "updated": "2022-07-12T14:43:33.452",
        "created": "2022-07-12T14:43:33.452"
    }
},
{
    "model": "core.post",
    "pk": 39,
    "fields": {
        "title": "乐高终止与俄罗斯81家门店运营商的合同",
        "slug": "lego-russia",
        "category": 4,
        "author": [
            "eason"
        ],
        "img": "uploads/a9d64b7d2f13bc2.jpeg",
        "summary": "特许经营商Inventive Retail Group（IRG）周二表示，乐高已经终止了与俄罗斯81家门店运营商的合同，此举可能意味着这家丹麦玩具制造商在俄罗斯的业务宣告结束。",
        "body": "<p style=\"transition: all 0.2s ease 0s; margin: 8px auto 0px; padding: 0px; border: 0px; font-variant-numeric: inherit; font-variant-east-asian: inherit; font-stretch: inherit; font-size: 16px; line-height: inherit; font-family: &quot;Classic Grotesque W01&quot;, &quot;Hiragino Sans GB&quot;, &quot;Microsoft YaHei&quot;, STHeiti, &quot;WenQuanYi Micro Hei&quot;, Arial, SimSun, sans-serif; vertical-align: baseline; overflow-wrap: break-word; word-break: break-all; text-indent: 2em; color: rgb(0, 0, 0); background-color: rgba(255, 255, 255, 0.65);\"><a href=\"https://static.cnbetacdn.com/article/2022/0712/a9d64b7d2f13bc2.jpg\" target=\"_blank\" data-index=\"0\" data-lightbox-gallery=\"cbc-gallery\" style=\"transition: all 0.2s ease 0s; margin: 0px; padding: 0px; border-width: 0px 0px 1px; border-top-style: initial; border-right-style: initial; border-bottom-style: solid; border-left-style: initial; border-top-color: initial; border-right-color: initial; border-bottom-color: rgb(0, 51, 102); border-left-color: initial; border-image: initial; font: inherit; vertical-align: baseline; color: rgb(0, 51, 102);\"><img src=\"https://static.cnbetacdn.com/thumb/article/2022/0712/a9d64b7d2f13bc2.jpg\" title=\"\" alt=\"1024px-Lego_Red_Square_(41164258635).jpg\" data-original=\"https://static.cnbetacdn.com/thumb/article/2022/0712/a9d64b7d2f13bc2.jpg\" style=\"transition: all 0.2s ease 0s; margin: 0px auto; padding: 0px; font: inherit; vertical-align: baseline; display: block; max-width: 100%;\"></a></p><p style=\"transition: all 0.2s ease 0s; margin: 8px auto 0px; padding: 0px; border: 0px; font-variant-numeric: inherit; font-variant-east-asian: inherit; font-stretch: inherit; font-size: 16px; line-height: inherit; font-family: &quot;Classic Grotesque W01&quot;, &quot;Hiragino Sans GB&quot;, &quot;Microsoft YaHei&quot;, STHeiti, &quot;WenQuanYi Micro Hei&quot;, Arial, SimSun, sans-serif; vertical-align: baseline; overflow-wrap: break-word; word-break: break-all; text-indent: 2em; color: rgb(0, 0, 0); background-color: rgba(255, 255, 255, 0.65);\">俄罗斯版的《Inc.》杂志周二早些时候报道，乐高无限期停止在俄罗斯的商业活动，并与IRG解除合同。</p><p style=\"transition: all 0.2s ease 0s; margin: 8px auto 0px; padding: 0px; border: 0px; font-variant-numeric: inherit; font-variant-east-asian: inherit; font-stretch: inherit; font-size: 16px; line-height: inherit; font-family: &quot;Classic Grotesque W01&quot;, &quot;Hiragino Sans GB&quot;, &quot;Microsoft YaHei&quot;, STHeiti, &quot;WenQuanYi Micro Hei&quot;, Arial, SimSun, sans-serif; vertical-align: baseline; overflow-wrap: break-word; word-break: break-all; text-indent: 2em; color: rgb(0, 0, 0); background-color: rgba(255, 255, 255, 0.65);\">\"鉴于经营环境持续受到重大干扰，我们已经决定无限期地停止在俄罗斯的商业活动，\"《Inc.》援引乐高俄罗斯首席执行官叶夫根尼·奇哈乔夫的话说。</p><p style=\"transition: all 0.2s ease 0s; margin: 8px auto 0px; padding: 0px; border: 0px; font-variant-numeric: inherit; font-variant-east-asian: inherit; font-stretch: inherit; font-size: 16px; line-height: inherit; font-family: &quot;Classic Grotesque W01&quot;, &quot;Hiragino Sans GB&quot;, &quot;Microsoft YaHei&quot;, STHeiti, &quot;WenQuanYi Micro Hei&quot;, Arial, SimSun, sans-serif; vertical-align: baseline; overflow-wrap: break-word; word-break: break-all; text-indent: 2em; color: rgb(0, 0, 0); background-color: rgba(255, 255, 255, 0.65);\">\"这包括终止我们莫斯科团队中很大一部分人的工作，以及我们与Inventive Retail Group的合作关系\"。乐高公司没有立即回应评论请求。IRG的一位发言人说。\"公司将继续玩具设计和开发类别的专家工作\"。</p><p style=\"transition: all 0.2s ease 0s; margin: 8px auto 0px; padding: 0px; border: 0px; font-variant-numeric: inherit; font-variant-east-asian: inherit; font-stretch: inherit; font-size: 16px; line-height: inherit; font-family: &quot;Classic Grotesque W01&quot;, &quot;Hiragino Sans GB&quot;, &quot;Microsoft YaHei&quot;, STHeiti, &quot;WenQuanYi Micro Hei&quot;, Arial, SimSun, sans-serif; vertical-align: baseline; overflow-wrap: break-word; word-break: break-all; text-indent: 2em; color: rgb(0, 0, 0); background-color: rgba(255, 255, 255, 0.65);\">乐高公司在3月份暂停了对俄罗斯区域的出货，并在6月份说，由于供应问题，它暂停了一些商店的运营。</p><p style=\"transition: all 0.2s ease 0s; margin: 8px auto 0px; padding: 0px; border: 0px; font-variant-numeric: inherit; font-variant-east-asian: inherit; font-stretch: inherit; font-size: 16px; line-height: inherit; font-family: &quot;Classic Grotesque W01&quot;, &quot;Hiragino Sans GB&quot;, &quot;Microsoft YaHei&quot;, STHeiti, &quot;WenQuanYi Micro Hei&quot;, Arial, SimSun, sans-serif; vertical-align: baseline; overflow-wrap: break-word; word-break: break-all; text-indent: 2em; color: rgb(0, 0, 0); background-color: rgba(255, 255, 255, 0.65);\">包括耐克和思科在内的公司在最近几周宣布离开俄罗斯，在俄罗斯于2月派遣军队进入乌克兰进行其所谓的\"特别行动\"之后，西方公司离开的步伐明显加快。</p>",
        "views": 221,
        "flag": false,
        "status": "published",
        "updated": "2022-07-12T14:45:01.123",
        "created": "2022-07-12T14:45:01.123"
    }
},
{
    "model": "core.post",
    "pk": 40,
    "fields": {
        "title": "美国街头出现高价雪糕：居然是马云、马斯克的造型 一根卖67元",
        "slug": "usa-icepop",
        "category": 2,
        "author": [
            "eason"
        ],
        "img": "uploads/de696805f025f77.webp",
        "summary": "7月12日消息，据外媒businessinsider报道，在美国纽约和洛杉矶的街头上，出现一辆快闪冰淇淋车。他们推出一款招牌产品“吃掉富豪”雪糕，一共有五种口味",
        "body": "<p style=\"transition: all 0.2s ease 0s; margin: 8px auto 0px; padding: 0px; border: 0px; font-variant-numeric: inherit; font-variant-east-asian: inherit; font-stretch: inherit; font-size: 16px; line-height: inherit; font-family: &quot;Classic Grotesque W01&quot;, &quot;Hiragino Sans GB&quot;, &quot;Microsoft YaHei&quot;, STHeiti, &quot;WenQuanYi Micro Hei&quot;, Arial, SimSun, sans-serif; vertical-align: baseline; overflow-wrap: break-word; word-break: break-all; text-indent: 2em; color: rgb(0, 0, 0); background-color: rgba(255, 255, 255, 0.65);\"><img src=\"https://static.cnbetacdn.com/article/2022/0712/8fcc9de68eea2d2.webp\" data-original=\"https://static.cnbetacdn.com/article/2022/0712/8fcc9de68eea2d2.webp\" style=\"transition: all 0.2s ease 0s; margin: 0px auto; padding: 0px; font: inherit; vertical-align: baseline; display: block; max-width: 100%;\"><br style=\"transition: all 0.2s ease 0s;\"></p><p style=\"transition: all 0.2s ease 0s; margin: 8px auto 0px; padding: 0px; border: 0px; font-variant-numeric: inherit; font-variant-east-asian: inherit; font-stretch: inherit; font-size: 16px; line-height: inherit; font-family: &quot;Classic Grotesque W01&quot;, &quot;Hiragino Sans GB&quot;, &quot;Microsoft YaHei&quot;, STHeiti, &quot;WenQuanYi Micro Hei&quot;, Arial, SimSun, sans-serif; vertical-align: baseline; overflow-wrap: break-word; word-break: break-all; text-indent: 2em; color: rgb(0, 0, 0); background-color: rgba(255, 255, 255, 0.65);\">（图源：businessinsider）</p><p style=\"transition: all 0.2s ease 0s; margin: 8px auto 0px; padding: 0px; border: 0px; font-variant-numeric: inherit; font-variant-east-asian: inherit; font-stretch: inherit; font-size: 16px; line-height: inherit; font-family: &quot;Classic Grotesque W01&quot;, &quot;Hiragino Sans GB&quot;, &quot;Microsoft YaHei&quot;, STHeiti, &quot;WenQuanYi Micro Hei&quot;, Arial, SimSun, sans-serif; vertical-align: baseline; overflow-wrap: break-word; word-break: break-all; text-indent: 2em; color: rgb(0, 0, 0); background-color: rgba(255, 255, 255, 0.65);\">每一款雪糕都有这些科技大佬最标志性的特征，如比尔盖茨的眼镜、扎克伯格的鼻子头发等，做得非常形象生动。按照卖家的说法，推出这款雪糕目的是让消费者可以一口吃掉这些富豪。虽然大家无法成为富豪，但却可以通过这种形式，来表达对这些资本家的不满。</p><p style=\"transition: all 0.2s ease 0s; margin: 8px auto 0px; padding: 0px; border: 0px; font-variant-numeric: inherit; font-variant-east-asian: inherit; font-stretch: inherit; font-size: 16px; line-height: inherit; font-family: &quot;Classic Grotesque W01&quot;, &quot;Hiragino Sans GB&quot;, &quot;Microsoft YaHei&quot;, STHeiti, &quot;WenQuanYi Micro Hei&quot;, Arial, SimSun, sans-serif; vertical-align: baseline; overflow-wrap: break-word; word-break: break-all; text-indent: 2em; color: rgb(0, 0, 0); background-color: rgba(255, 255, 255, 0.65);\">有趣的一点是，businessinsider记者找到这家冰淇淋车准备购买雪糕时，发现贝索斯和马斯克的口味都卖完了，最后只能买了比尔盖茨和扎克伯格口味的。由此也能看出，消费者关注度最高、最想吃掉的，就是贝索斯和马斯克了。虽然10美元的雪糕确实有点贵，但是能一口把这些资本家吃进嘴里，还是能获得一定的满足感的。</p><p style=\"transition: all 0.2s ease 0s; margin: 8px auto 0px; padding: 0px; border: 0px; font-variant-numeric: inherit; font-variant-east-asian: inherit; font-stretch: inherit; font-size: 16px; line-height: inherit; font-family: &quot;Classic Grotesque W01&quot;, &quot;Hiragino Sans GB&quot;, &quot;Microsoft YaHei&quot;, STHeiti, &quot;WenQuanYi Micro Hei&quot;, Arial, SimSun, sans-serif; vertical-align: baseline; overflow-wrap: break-word; word-break: break-all; text-indent: 2em; color: rgb(0, 0, 0); background-color: rgba(255, 255, 255, 0.65);\"><img src=\"https://static.cnbetacdn.com/article/2022/0712/de696805f025f77.webp\" data-original=\"https://static.cnbetacdn.com/article/2022/0712/de696805f025f77.webp\" style=\"transition: all 0.2s ease 0s; margin: 0px auto; padding: 0px; font: inherit; vertical-align: baseline; display: block; max-width: 100%;\"><br style=\"transition: all 0.2s ease 0s;\"></p><p style=\"transition: all 0.2s ease 0s; margin: 8px auto 0px; padding: 0px; border: 0px; font-variant-numeric: inherit; font-variant-east-asian: inherit; font-stretch: inherit; font-size: 16px; line-height: inherit; font-family: &quot;Classic Grotesque W01&quot;, &quot;Hiragino Sans GB&quot;, &quot;Microsoft YaHei&quot;, STHeiti, &quot;WenQuanYi Micro Hei&quot;, Arial, SimSun, sans-serif; vertical-align: baseline; overflow-wrap: break-word; word-break: break-all; text-indent: 2em; color: rgb(0, 0, 0); background-color: rgba(255, 255, 255, 0.65);\">（图源：businessinsider）</p><p style=\"transition: all 0.2s ease 0s; margin: 8px auto 0px; padding: 0px; border: 0px; font-variant-numeric: inherit; font-variant-east-asian: inherit; font-stretch: inherit; font-size: 16px; line-height: inherit; font-family: &quot;Classic Grotesque W01&quot;, &quot;Hiragino Sans GB&quot;, &quot;Microsoft YaHei&quot;, STHeiti, &quot;WenQuanYi Micro Hei&quot;, Arial, SimSun, sans-serif; vertical-align: baseline; overflow-wrap: break-word; word-break: break-all; text-indent: 2em; color: rgb(0, 0, 0); background-color: rgba(255, 255, 255, 0.65);\">今年，大家都被“雪糕刺客”折磨得难受。如钟薛高之类的高价雪糕虽然味道不错，用料确实也很足，但除了能让大家感受到口感上的满足外，并不能带来心情上的愉悦，甚至很多人是含着泪吃下手里的钟薛高。美国这种科技大佬雪糕，口味上可能比不上钟薛高，但吃的时候是真的爽，还能拍照发朋友圈。</p><p style=\"transition: all 0.2s ease 0s; margin: 8px auto 0px; padding: 0px; border: 0px; font-variant-numeric: inherit; font-variant-east-asian: inherit; font-stretch: inherit; font-size: 16px; line-height: inherit; font-family: &quot;Classic Grotesque W01&quot;, &quot;Hiragino Sans GB&quot;, &quot;Microsoft YaHei&quot;, STHeiti, &quot;WenQuanYi Micro Hei&quot;, Arial, SimSun, sans-serif; vertical-align: baseline; overflow-wrap: break-word; word-break: break-all; text-indent: 2em; color: rgb(0, 0, 0); background-color: rgba(255, 255, 255, 0.65);\">小雷了解到，这款科技大佬雪糕，其实是创意团队MSCHF带来的最新作品。了解过该团队的小伙伴可能知道，这是一个专注于恶搞、艺术创作，并制造具有病毒性传播话题的团队，它们之前搞出来的很多作品，都曾被炒出数倍甚至数十倍的价格。</p>",
        "views": 221,
        "flag": false,
        "status": "published",
        "updated": "2022-07-12T14:46:40.631",
        "created": "2022-07-12T14:46:40.631"
    }
},
{
    "model": "core.post",
    "pk": 41,
    "fields": {
        "title": "华为应用市场升级：上传、下载应用要按年龄",
        "slug": "huawei",
        "category": 1,
        "author": [
            "eason"
        ],
        "img": "uploads/00604468b429836.jpeg",
        "summary": "近日，华为进一步加强了应用市场的软件审查标准，并上线了年龄分级审核制度，以及配套的年龄分级问卷服务。据悉，该问卷的内容涵盖多个方面",
        "body": "<p>在问卷服务上线后，开发者在申请应用上架时，将需要根据应用功能与内容如实填写，系统将根据填写内容评估应用是否符合上架的基本要求，如果符合，则会自动评估用户的最低年龄要求。</p><p><br></p><p>按照问卷内容与应用品类，华为将应用分为了3+、7+、12+、16+以及18+五个梯度。</p><p><br></p><p>https://img1.mydrivers.com/img/20220712/72541bb67bf44abab5f049597a6a82ea.jpg<img src=\"https://img1.mydrivers.com/img/20220712/72541bb67bf44abab5f049597a6a82ea.jpg\" class=\"cursor-plus\"><br></p><p><br></p><p>当用户在应用市场中设置内容访问限制后，系统将会根据用户年龄自动匹配应用，比如用户年龄不到16岁，就无法下载要求为16+或18+的应用。</p><p><br></p><p>这套分级管理体系，有望让应用市场的生态更加健康，确保不同年龄段的用户能够浏览与访问符合自己年龄区间的应用内容。</p>",
        "views": 123,
        "flag": false,
        "status": "published",
        "updated": "2022-07-12T14:49:22.940",
        "created": "2022-07-12T14:49:22.940"
    }
},
{
    "model": "core.comment",
    "pk": 1,
    "fields": {
        "post": 35,
        "name": "用户1",
        "ip": "202.141.4.33",
        "body": "不错的文章，期待新作。不错的文章，期待新作。不错的文章，期待新作。不错的文章，期待新作。不错的文章，期待新作。",
        "active": true,
        "created": "2022-06-16T09:39:10.716"
    }
},
{
    "model": "core.comment",
    "pk": 2,
    "fields": {
        "post": 35,
        "name": "用户2",
        "ip": "202.141.4.33",
        "body": "不错的文章，期待新作。不错的文章，期待新作。不错的文章，期待新作。不错的文章，期待新作。不错的文章，期待新作。",
        "active": false,
        "created": "2022-06-16T09:39:10.719"
    }
},
{
    "model": "core.comment",
    "pk": 3,
    "fields": {
        "post": 35,
        "name": "用户3",
        "ip": "202.141.4.33",
        "body": "不错的文章，期待新作。不错的文章，期待新作。不错的文章，期待新作。不错的文章，期待新作。不错的文章，期待新作。",
        "active": true,
        "created": "2022-06-16T09:39:10.720"
    }
},
{
    "model": "core.comment",
    "pk": 4,
    "fields": {
        "post": 35,
        "name": "用户4",
        "ip": "202.141.4.33",
        "body": "不错的文章，期待新作。不错的文章，期待新作。不错的文章，期待新作。不错的文章，期待新作。不错的文章，期待新作。",
        "active": true,
        "created": "2022-06-16T09:39:10.720"
    }
},
{
    "model": "core.comment",
    "pk": 5,
    "fields": {
        "post": 35,
        "name": "用户5",
        "ip": "202.141.4.33",
        "body": "不错的文章，期待新作。不错的文章，期待新作。不错的文章，期待新作。不错的文章，期待新作。不错的文章，期待新作。",
        "active": true,
        "created": "2022-06-16T09:39:10.721"
    }
},
{
    "model": "core.comment",
    "pk": 6,
    "fields": {
        "post": 35,
        "name": "用户6",
        "ip": "202.141.4.33",
        "body": "不错的文章，期待新作。不错的文章，期待新作。不错的文章，期待新作。不错的文章，期待新作。不错的文章，期待新作。",
        "active": true,
        "created": "2022-06-16T09:39:10.721"
    }
},
{
    "model": "core.comment",
    "pk": 7,
    "fields": {
        "post": 35,
        "name": "用户7",
        "ip": "202.141.4.33",
        "body": "不错的文章，期待新作。不错的文章，期待新作。不错的文章，期待新作。不错的文章，期待新作。不错的文章，期待新作。",
        "active": true,
        "created": "2022-06-16T09:39:10.723"
    }
},
{
    "model": "core.comment",
    "pk": 8,
    "fields": {
        "post": 35,
        "name": "Eason",
        "ip": "202.11.104.4",
        "body": "很好的文章",
        "active": true,
        "created": "2022-06-19T07:13:31.448"
    }
},
{
    "model": "core.comment",
    "pk": 9,
    "fields": {
        "post": 35,
        "name": "Jerry",
        "ip": "202.11.104.4",
        "body": "Good job",
        "active": true,
        "created": "2022-06-19T07:14:19.517"
    }
},
{
    "model": "core.comment",
    "pk": 10,
    "fields": {
        "post": 35,
        "name": "Mike",
        "ip": "127.0.0.1",
        "body": "Good Job!!!",
        "active": true,
        "created": "2022-06-19T07:20:21.872"
    }
},
{
    "model": "core.comment",
    "pk": 11,
    "fields": {
        "post": 35,
        "name": "Mary",
        "ip": "127.0.0.1",
        "body": "Hello ",
        "active": true,
        "created": "2022-06-19T10:04:14.867"
    }
},
{
    "model": "core.comment",
    "pk": 12,
    "fields": {
        "post": 35,
        "name": "Bob",
        "ip": "127.0.0.1",
        "body": "Good job",
        "active": true,
        "created": "2022-06-19T10:08:15.911"
    }
},
{
    "model": "core.comment",
    "pk": 13,
    "fields": {
        "post": 34,
        "name": "赵云",
        "ip": "127.0.0.1",
        "body": "很实用的文章",
        "active": true,
        "created": "2022-06-20T08:11:07.321"
    }
},
{
    "model": "core.comment",
    "pk": 14,
    "fields": {
        "post": 2,
        "name": "Jack",
        "ip": "127.0.0.1",
        "body": "Good ideal",
        "active": true,
        "created": "2022-06-22T09:40:51.253"
    }
},
{
    "model": "core.comment",
    "pk": 15,
    "fields": {
        "post": 2,
        "name": "Thomas",
        "ip": "127.0.0.1",
        "body": "Hi",
        "active": true,
        "created": "2022-06-22T09:41:05.426"
    }
},
{
    "model": "core.slide",
    "pk": 1,
    "fields": {
        "title": "Python 函数定义",
        "sub_title": "一文搞懂 Python 函数概念",
        "description": "一文搞懂 Python 函数概念",
        "link": "http://127.0.0.1:8000/posts/python-function/",
        "img": "uploads/172-1120x360.jpeg",
        "order": 0
    }
},
{
    "model": "core.slide",
    "pk": 2,
    "fields": {
        "title": "Python 必知必会技巧",
        "sub_title": "新手进阶必会五个关键点",
        "description": "新手进阶必会五个关键点",
        "link": "http://127.0.0.1:8000/posts/sql-must-know/",
        "img": "uploads/837-1120x360.jpeg",
        "order": 0
    }
},
{
    "model": "core.slide",
    "pk": 3,
    "fields": {
        "title": "Lambda 表达式妙用",
        "sub_title": "Lambda 背后隐藏着这三个核心知识点",
        "description": "Lambda 背后隐藏着这三个核心知识点",
        "link": "http://127.0.0.1:8000/posts/lambda/",
        "img": "uploads/314-1120x360.jpeg",
        "order": 4
    }
},
{
    "model": "django_summernote.attachment",
    "pk": 1,
    "fields": {
        "name": "u=2621658848,3952322712&fm=193&f=GIF.jpeg",
        "file": "django-summernote/2022-06-08/af163359-af14-4e47-9189-35a8410b5962.jpeg",
        "uploaded": "2022-06-08T02:14:43.027"
    }
},
{
    "model": "django_summernote.attachment",
    "pk": 2,
    "fields": {
        "name": "u=2621658848,3952322712&fm=193&f=GIF.jpeg",
        "file": "django-summernote/2022-06-08/5e237bfb-77de-4763-97e1-87865b2f7783.jpeg",
        "uploaded": "2022-06-08T02:16:53.110"
    }
},
{
    "model": "django_summernote.attachment",
    "pk": 3,
    "fields": {
        "name": "image.png",
        "file": "django-summernote/2022-07-12/3127628e-483f-4c3c-b3f9-2652d27b6491.png",
        "uploaded": "2022-07-12T14:41:45.125"
    }
},
{
    "model": "taggit.tag",
    "pk": 1,
    "fields": {
        "name": "django",
        "slug": "django"
    }
},
{
    "model": "taggit.tag",
    "pk": 2,
    "fields": {
        "name": "python",
        "slug": "python"
    }
},
{
    "model": "taggit.tag",
    "pk": 3,
    "fields": {
        "name": "JavaScript",
        "slug": "javascript"
    }
},
{
    "model": "taggit.tag",
    "pk": 4,
    "fields": {
        "name": "SQL",
        "slug": "sql"
    }
},
{
    "model": "taggit.tag",
    "pk": 5,
    "fields": {
        "name": "MongoDB",
        "slug": "mongodb"
    }
},
{
    "model": "taggit.tag",
    "pk": 6,
    "fields": {
        "name": "Vue",
        "slug": "vue"
    }
},
{
    "model": "taggit.tag",
    "pk": 7,
    "fields": {
        "name": "Jinja",
        "slug": "jinja"
    }
},
{
    "model": "taggit.tag",
    "pk": 8,
    "fields": {
        "name": "Flask",
        "slug": "flask"
    }
},
{
    "model": "taggit.tag",
    "pk": 9,
    "fields": {
        "name": "网站",
        "slug": "网站"
    }
},
{
    "model": "taggit.tag",
    "pk": 10,
    "fields": {
        "name": "IPython",
        "slug": "python_1"
    }
},
{
    "model": "taggit.tag",
    "pk": 11,
    "fields": {
        "name": "Lambda",
        "slug": "lambda"
    }
},
{
    "model": "taggit.tag",
    "pk": 12,
    "fields": {
        "name": "Apple",
        "slug": "apple"
    }
},
{
    "model": "taggit.tag",
    "pk": 13,
    "fields": {
        "name": "苹果",
        "slug": "苹果"
    }
},
{
    "model": "taggit.tag",
    "pk": 14,
    "fields": {
        "name": "爱立信",
        "slug": "爱立信"
    }
},
{
    "model": "taggit.tag",
    "pk": 15,
    "fields": {
        "name": "游戏",
        "slug": "游戏"
    }
},
{
    "model": "taggit.tag",
    "pk": 16,
    "fields": {
        "name": "网易",
        "slug": "网易"
    }
},
{
    "model": "taggit.tag",
    "pk": 17,
    "fields": {
        "name": "BIDEN",
        "slug": "biden"
    }
},
{
    "model": "taggit.tag",
    "pk": 18,
    "fields": {
        "name": "CIA",
        "slug": "cia"
    }
},
{
    "model": "taggit.tag",
    "pk": 19,
    "fields": {
        "name": "俄罗斯",
        "slug": "俄罗斯"
    }
},
{
    "model": "taggit.tag",
    "pk": 20,
    "fields": {
        "name": "乐高",
        "slug": "乐高"
    }
},
{
    "model": "taggit.tag",
    "pk": 21,
    "fields": {
        "name": "玩具",
        "slug": "玩具"
    }
},
{
    "model": "taggit.tag",
    "pk": 22,
    "fields": {
        "name": "icecream",
        "slug": "icecream"
    }
},
{
    "model": "taggit.tag",
    "pk": 23,
    "fields": {
        "name": "icepop",
        "slug": "icepop"
    }
},
{
    "model": "taggit.tag",
    "pk": 24,
    "fields": {
        "name": "雪糕",
        "slug": "雪糕"
    }
},
{
    "model": "taggit.tag",
    "pk": 25,
    "fields": {
        "name": "手机",
        "slug": "手机"
    }
},
{
    "model": "taggit.tag",
    "pk": 26,
    "fields": {
        "name": "应用",
        "slug": "应用"
    }
},
{
    "model": "taggit.tag",
    "pk": 27,
    "fields": {
        "name": "华为",
        "slug": "华为"
    }
},
{
    "model": "taggit.taggeditem",
    "pk": 1,
    "fields": {
        "tag": 1,
        "content_type": [
            "core",
            "post"
        ],
        "object_id": 35
    }
},
{
    "model": "taggit.taggeditem",
    "pk": 2,
    "fields": {
        "tag": 2,
        "content_type": [
            "core",
            "post"
        ],
        "object_id": 35
    }
},
{
    "model": "taggit.taggeditem",
    "pk": 3,
    "fields": {
        "tag": 3,
        "content_type": [
            "core",
            "post"
        ],
        "object_id": 35
    }
},
{
    "model": "taggit.taggeditem",
    "pk": 4,
    "fields": {
        "tag": 1,
        "content_type": [
            "core",
            "post"
        ],
        "object_id": 33
    }
},
{
    "model": "taggit.taggeditem",
    "pk": 5,
    "fields": {
        "tag": 4,
        "content_type": [
            "core",
            "post"
        ],
        "object_id": 33
    }
},
{
    "model": "taggit.taggeditem",
    "pk": 6,
    "fields": {
        "tag": 5,
        "content_type": [
            "core",
            "post"
        ],
        "object_id": 33
    }
},
{
    "model": "taggit.taggeditem",
    "pk": 7,
    "fields": {
        "tag": 2,
        "content_type": [
            "core",
            "post"
        ],
        "object_id": 26
    }
},
{
    "model": "taggit.taggeditem",
    "pk": 8,
    "fields": {
        "tag": 6,
        "content_type": [
            "core",
            "post"
        ],
        "object_id": 26
    }
},
{
    "model": "taggit.taggeditem",
    "pk": 9,
    "fields": {
        "tag": 7,
        "content_type": [
            "core",
            "post"
        ],
        "object_id": 26
    }
},
{
    "model": "taggit.taggeditem",
    "pk": 10,
    "fields": {
        "tag": 8,
        "content_type": [
            "core",
            "post"
        ],
        "object_id": 13
    }
},
{
    "model": "taggit.taggeditem",
    "pk": 11,
    "fields": {
        "tag": 2,
        "content_type": [
            "core",
            "post"
        ],
        "object_id": 13
    }
},
{
    "model": "taggit.taggeditem",
    "pk": 12,
    "fields": {
        "tag": 4,
        "content_type": [
            "core",
            "post"
        ],
        "object_id": 13
    }
},
{
    "model": "taggit.taggeditem",
    "pk": 13,
    "fields": {
        "tag": 6,
        "content_type": [
            "core",
            "post"
        ],
        "object_id": 13
    }
},
{
    "model": "taggit.taggeditem",
    "pk": 14,
    "fields": {
        "tag": 1,
        "content_type": [
            "core",
            "post"
        ],
        "object_id": 34
    }
},
{
    "model": "taggit.taggeditem",
    "pk": 15,
    "fields": {
        "tag": 10,
        "content_type": [
            "core",
            "post"
        ],
        "object_id": 34
    }
},
{
    "model": "taggit.taggeditem",
    "pk": 16,
    "fields": {
        "tag": 9,
        "content_type": [
            "core",
            "post"
        ],
        "object_id": 34
    }
},
{
    "model": "taggit.taggeditem",
    "pk": 17,
    "fields": {
        "tag": 10,
        "content_type": [
            "core",
            "post"
        ],
        "object_id": 2
    }
},
{
    "model": "taggit.taggeditem",
    "pk": 18,
    "fields": {
        "tag": 11,
        "content_type": [
            "core",
            "post"
        ],
        "object_id": 2
    }
},
{
    "model": "taggit.taggeditem",
    "pk": 19,
    "fields": {
        "tag": 12,
        "content_type": [
            "core",
            "post"
        ],
        "object_id": 36
    }
},
{
    "model": "taggit.taggeditem",
    "pk": 20,
    "fields": {
        "tag": 13,
        "content_type": [
            "core",
            "post"
        ],
        "object_id": 36
    }
},
{
    "model": "taggit.taggeditem",
    "pk": 21,
    "fields": {
        "tag": 14,
        "content_type": [
            "core",
            "post"
        ],
        "object_id": 36
    }
},
{
    "model": "taggit.taggeditem",
    "pk": 22,
    "fields": {
        "tag": 16,
        "content_type": [
            "core",
            "post"
        ],
        "object_id": 37
    }
},
{
    "model": "taggit.taggeditem",
    "pk": 23,
    "fields": {
        "tag": 15,
        "content_type": [
            "core",
            "post"
        ],
        "object_id": 37
    }
},
{
    "model": "taggit.taggeditem",
    "pk": 24,
    "fields": {
        "tag": 17,
        "content_type": [
            "core",
            "post"
        ],
        "object_id": 38
    }
},
{
    "model": "taggit.taggeditem",
    "pk": 25,
    "fields": {
        "tag": 18,
        "content_type": [
            "core",
            "post"
        ],
        "object_id": 38
    }
},
{
    "model": "taggit.taggeditem",
    "pk": 26,
    "fields": {
        "tag": 19,
        "content_type": [
            "core",
            "post"
        ],
        "object_id": 39
    }
},
{
    "model": "taggit.taggeditem",
    "pk": 27,
    "fields": {
        "tag": 20,
        "content_type": [
            "core",
            "post"
        ],
        "object_id": 39
    }
},
{
    "model": "taggit.taggeditem",
    "pk": 28,
    "fields": {
        "tag": 21,
        "content_type": [
            "core",
            "post"
        ],
        "object_id": 39
    }
},
{
    "model": "taggit.taggeditem",
    "pk": 29,
    "fields": {
        "tag": 24,
        "content_type": [
            "core",
            "post"
        ],
        "object_id": 40
    }
},
{
    "model": "taggit.taggeditem",
    "pk": 30,
    "fields": {
        "tag": 22,
        "content_type": [
            "core",
            "post"
        ],
        "object_id": 40
    }
},
{
    "model": "taggit.taggeditem",
    "pk": 31,
    "fields": {
        "tag": 23,
        "content_type": [
            "core",
            "post"
        ],
        "object_id": 40
    }
},
{
    "model": "taggit.taggeditem",
    "pk": 32,
    "fields": {
        "tag": 25,
        "content_type": [
            "core",
            "post"
        ],
        "object_id": 41
    }
},
{
    "model": "taggit.taggeditem",
    "pk": 33,
    "fields": {
        "tag": 26,
        "content_type": [
            "core",
            "post"
        ],
        "object_id": 41
    }
},
{
    "model": "taggit.taggeditem",
    "pk": 34,
    "fields": {
        "tag": 27,
        "content_type": [
            "core",
            "post"
        ],
        "object_id": 41
    }
},
{
    "model": "admin.logentry",
    "pk": 1,
    "fields": {
        "action_time": "2022-06-04T09:49:26.954",
        "user": [
            "eason"
        ],
        "content_type": [
            "core",
            "profile"
        ],
        "object_id": "1",
        "object_repr": "eason 的个人资料",
        "action_flag": 1,
        "change_message": "[{\"added\": {}}]"
    }
},
{
    "model": "admin.logentry",
    "pk": 2,
    "fields": {
        "action_time": "2022-06-07T08:20:14.826",
        "user": [
            "eason"
        ],
        "content_type": [
            "core",
            "category"
        ],
        "object_id": "2",
        "object_repr": "Django",
        "action_flag": 2,
        "change_message": "[{\"changed\": {\"fields\": [\"\\u6392\\u5e8f\"]}}]"
    }
},
{
    "model": "admin.logentry",
    "pk": 3,
    "fields": {
        "action_time": "2022-06-07T08:21:02.043",
        "user": [
            "eason"
        ],
        "content_type": [
            "core",
            "category"
        ],
        "object_id": "2",
        "object_repr": "Django",
        "action_flag": 2,
        "change_message": "[{\"changed\": {\"fields\": [\"\\u6392\\u5e8f\"]}}]"
    }
},
{
    "model": "admin.logentry",
    "pk": 4,
    "fields": {
        "action_time": "2022-06-07T08:21:02.047",
        "user": [
            "eason"
        ],
        "content_type": [
            "core",
            "category"
        ],
        "object_id": "1",
        "object_repr": "Python",
        "action_flag": 2,
        "change_message": "[{\"changed\": {\"fields\": [\"\\u6392\\u5e8f\"]}}]"
    }
},
{
    "model": "admin.logentry",
    "pk": 5,
    "fields": {
        "action_time": "2022-06-07T08:25:56.586",
        "user": [
            "eason"
        ],
        "content_type": [
            "core",
            "category"
        ],
        "object_id": "3",
        "object_repr": "心情随笔",
        "action_flag": 2,
        "change_message": "[{\"changed\": {\"fields\": [\"\\u63cf\\u8ff0\"]}}]"
    }
},
{
    "model": "admin.logentry",
    "pk": 6,
    "fields": {
        "action_time": "2022-06-07T08:40:41.861",
        "user": [
            "eason"
        ],
        "content_type": [
            "core",
            "post"
        ],
        "object_id": "35",
        "object_repr": "文章标题文本 35",
        "action_flag": 2,
        "change_message": "[{\"changed\": {\"fields\": [\"\\u56fe\\u7247\"]}}]"
    }
},
{
    "model": "admin.logentry",
    "pk": 7,
    "fields": {
        "action_time": "2022-06-07T08:43:27.122",
        "user": [
            "eason"
        ],
        "content_type": [
            "core",
            "post"
        ],
        "object_id": "31",
        "object_repr": "文章标题文本 31",
        "action_flag": 2,
        "change_message": "[{\"changed\": {\"fields\": [\"\\u56fe\\u7247\"]}}]"
    }
},
{
    "model": "admin.logentry",
    "pk": 8,
    "fields": {
        "action_time": "2022-06-08T01:56:50.739",
        "user": [
            "eason"
        ],
        "content_type": [
            "core",
            "post"
        ],
        "object_id": "35",
        "object_repr": "文章标题文本 35",
        "action_flag": 2,
        "change_message": "[{\"changed\": {\"fields\": [\"\\u6b63\\u6587\"]}}]"
    }
},
{
    "model": "admin.logentry",
    "pk": 9,
    "fields": {
        "action_time": "2022-06-08T02:15:07.802",
        "user": [
            "eason"
        ],
        "content_type": [
            "core",
            "post"
        ],
        "object_id": "34",
        "object_repr": "文章标题文本 34",
        "action_flag": 2,
        "change_message": "[{\"changed\": {\"fields\": [\"\\u6b63\\u6587\"]}}]"
    }
},
{
    "model": "admin.logentry",
    "pk": 10,
    "fields": {
        "action_time": "2022-06-08T02:17:07.459",
        "user": [
            "eason"
        ],
        "content_type": [
            "core",
            "post"
        ],
        "object_id": "31",
        "object_repr": "文章标题文本 31",
        "action_flag": 2,
        "change_message": "[{\"changed\": {\"fields\": [\"\\u6b63\\u6587\"]}}]"
    }
},
{
    "model": "admin.logentry",
    "pk": 11,
    "fields": {
        "action_time": "2022-06-15T06:20:17.022",
        "user": [
            "eason"
        ],
        "content_type": [
            "core",
            "post"
        ],
        "object_id": "35",
        "object_repr": "文章标题文本 35",
        "action_flag": 2,
        "change_message": "[{\"changed\": {\"fields\": [\"\\u6807\\u7b7e\"]}}]"
    }
},
{
    "model": "admin.logentry",
    "pk": 12,
    "fields": {
        "action_time": "2022-06-15T06:20:32.400",
        "user": [
            "eason"
        ],
        "content_type": [
            "core",
            "post"
        ],
        "object_id": "33",
        "object_repr": "文章标题文本 33",
        "action_flag": 2,
        "change_message": "[{\"changed\": {\"fields\": [\"\\u6807\\u7b7e\"]}}]"
    }
},
{
    "model": "admin.logentry",
    "pk": 13,
    "fields": {
        "action_time": "2022-06-15T06:20:53.964",
        "user": [
            "eason"
        ],
        "content_type": [
            "core",
            "post"
        ],
        "object_id": "26",
        "object_repr": "文章标题文本 26",
        "action_flag": 2,
        "change_message": "[{\"changed\": {\"fields\": [\"\\u6807\\u7b7e\"]}}]"
    }
},
{
    "model": "admin.logentry",
    "pk": 14,
    "fields": {
        "action_time": "2022-06-15T06:21:16.328",
        "user": [
            "eason"
        ],
        "content_type": [
            "core",
            "post"
        ],
        "object_id": "13",
        "object_repr": "文章标题文本 13",
        "action_flag": 2,
        "change_message": "[{\"changed\": {\"fields\": [\"\\u6807\\u7b7e\"]}}]"
    }
},
{
    "model": "admin.logentry",
    "pk": 15,
    "fields": {
        "action_time": "2022-06-16T06:09:00.064",
        "user": [
            "eason"
        ],
        "content_type": [
            "core",
            "post"
        ],
        "object_id": "34",
        "object_repr": "文章标题文本 34",
        "action_flag": 2,
        "change_message": "[{\"changed\": {\"fields\": [\"\\u6807\\u7b7e\"]}}]"
    }
},
{
    "model": "admin.logentry",
    "pk": 16,
    "fields": {
        "action_time": "2022-06-16T09:40:03.593",
        "user": [
            "eason"
        ],
        "content_type": [
            "core",
            "comment"
        ],
        "object_id": "7",
        "object_repr": "<用户7> 针对 《文章标题文本 35》 的评论",
        "action_flag": 2,
        "change_message": "[]"
    }
},
{
    "model": "admin.logentry",
    "pk": 17,
    "fields": {
        "action_time": "2022-06-16T09:40:10.297",
        "user": [
            "eason"
        ],
        "content_type": [
            "core",
            "comment"
        ],
        "object_id": "2",
        "object_repr": "<用户2> 针对 《文章标题文本 35》 的评论",
        "action_flag": 2,
        "change_message": "[{\"changed\": {\"fields\": [\"\\u6709\\u6548\"]}}]"
    }
},
{
    "model": "admin.logentry",
    "pk": 18,
    "fields": {
        "action_time": "2022-06-20T08:05:10.198",
        "user": [
            "eason"
        ],
        "content_type": [
            "core",
            "post"
        ],
        "object_id": "35",
        "object_repr": "Python 函数定义",
        "action_flag": 2,
        "change_message": "[{\"changed\": {\"fields\": [\"\\u6807\\u9898\", \"\\u5730\\u5740\\u7f29\\u5199\"]}}]"
    }
},
{
    "model": "admin.logentry",
    "pk": 19,
    "fields": {
        "action_time": "2022-06-20T08:10:27.488",
        "user": [
            "eason"
        ],
        "content_type": [
            "core",
            "post"
        ],
        "object_id": "34",
        "object_repr": "SQL 必知必会技巧",
        "action_flag": 2,
        "change_message": "[{\"changed\": {\"fields\": [\"\\u6807\\u9898\", \"\\u5730\\u5740\\u7f29\\u5199\"]}}]"
    }
},
{
    "model": "admin.logentry",
    "pk": 20,
    "fields": {
        "action_time": "2022-06-22T09:42:19.087",
        "user": [
            "eason"
        ],
        "content_type": [
            "core",
            "post"
        ],
        "object_id": "2",
        "object_repr": "Lambda 表达式妙用",
        "action_flag": 2,
        "change_message": "[{\"changed\": {\"fields\": [\"\\u6807\\u9898\", \"\\u5730\\u5740\\u7f29\\u5199\", \"\\u6807\\u7b7e\"]}}]"
    }
},
{
    "model": "admin.logentry",
    "pk": 21,
    "fields": {
        "action_time": "2022-07-04T02:40:06.579",
        "user": [
            "eason"
        ],
        "content_type": [
            "core",
            "slide"
        ],
        "object_id": "1",
        "object_repr": "Python 函数定义",
        "action_flag": 1,
        "change_message": "[{\"added\": {}}]"
    }
},
{
    "model": "admin.logentry",
    "pk": 22,
    "fields": {
        "action_time": "2022-07-04T02:41:15.197",
        "user": [
            "eason"
        ],
        "content_type": [
            "core",
            "slide"
        ],
        "object_id": "2",
        "object_repr": "Python 必知必会技巧",
        "action_flag": 1,
        "change_message": "[{\"added\": {}}]"
    }
},
{
    "model": "admin.logentry",
    "pk": 23,
    "fields": {
        "action_time": "2022-07-04T02:42:25.868",
        "user": [
            "eason"
        ],
        "content_type": [
            "core",
            "slide"
        ],
        "object_id": "3",
        "object_repr": "Lambda 表达式妙用",
        "action_flag": 1,
        "change_message": "[{\"added\": {}}]"
    }
},
{
    "model": "admin.logentry",
    "pk": 24,
    "fields": {
        "action_time": "2022-07-04T02:42:34.709",
        "user": [
            "eason"
        ],
        "content_type": [
            "core",
            "slide"
        ],
        "object_id": "3",
        "object_repr": "Lambda 表达式妙用",
        "action_flag": 2,
        "change_message": "[{\"changed\": {\"fields\": [\"\\u6392\\u5e8f\"]}}]"
    }
},
{
    "model": "admin.logentry",
    "pk": 25,
    "fields": {
        "action_time": "2022-07-12T14:39:47.285",
        "user": [
            "eason"
        ],
        "content_type": [
            "core",
            "post"
        ],
        "object_id": "36",
        "object_repr": "苹果在爱立信的法律诉讼大战中发起标准必要专利(SEP)反诉",
        "action_flag": 1,
        "change_message": "[{\"added\": {}}]"
    }
},
{
    "model": "admin.logentry",
    "pk": 26,
    "fields": {
        "action_time": "2022-07-12T14:41:59.882",
        "user": [
            "eason"
        ],
        "content_type": [
            "core",
            "post"
        ],
        "object_id": "37",
        "object_repr": "7月国产网络游戏版号发布：腾讯网易再缺席",
        "action_flag": 1,
        "change_message": "[{\"added\": {}}]"
    }
},
{
    "model": "admin.logentry",
    "pk": 27,
    "fields": {
        "action_time": "2022-07-12T14:43:33.461",
        "user": [
            "eason"
        ],
        "content_type": [
            "core",
            "post"
        ],
        "object_id": "38",
        "object_repr": "亨特·拜登的iCloud疑似被黑 事件已得到美国特勤局的关注",
        "action_flag": 1,
        "change_message": "[{\"added\": {}}]"
    }
},
{
    "model": "admin.logentry",
    "pk": 28,
    "fields": {
        "action_time": "2022-07-12T14:45:01.131",
        "user": [
            "eason"
        ],
        "content_type": [
            "core",
            "post"
        ],
        "object_id": "39",
        "object_repr": "乐高终止与俄罗斯81家门店运营商的合同",
        "action_flag": 1,
        "change_message": "[{\"added\": {}}]"
    }
},
{
    "model": "admin.logentry",
    "pk": 29,
    "fields": {
        "action_time": "2022-07-12T14:46:40.640",
        "user": [
            "eason"
        ],
        "content_type": [
            "core",
            "post"
        ],
        "object_id": "40",
        "object_repr": "美国街头出现高价雪糕：居然是马云、马斯克的造型 一根卖67元",
        "action_flag": 1,
        "change_message": "[{\"added\": {}}]"
    }
},
{
    "model": "admin.logentry",
    "pk": 30,
    "fields": {
        "action_time": "2022-07-12T14:49:22.948",
        "user": [
            "eason"
        ],
        "content_type": [
            "core",
            "post"
        ],
        "object_id": "41",
        "object_repr": "华为应用市场升级：上传、下载应用要按年龄",
        "action_flag": 1,
        "change_message": "[{\"added\": {}}]"
    }
}
]
